,A,B,C,D
2000-01-01,1.5239895188979564,-0.24588292694868827,-1.0114515708175982,-0.04481214824508585
2000-01-02,0.49489512453321005,-1.7007186245336758,-1.5104483207131945,2.7946472571510266
2000-01-03,1.3989742803706346,-1.7803237225163993,-1.182521706088782,3.1299632373962036
2000-01-04,1.9192475044670054,-1.7769347055539213,-2.8528779774065636,0.708688916475742
2000-01-05,2.158333362537552,-2.4470708145935323,-1.6872495146482474,1.854866241374985
2000-01-06,3.2301109869803257,-2.2145663973238197,-1.216551463734942,1.941972829881953
2000-01-07,2.4103030349691696,-1.6266786824908013,1.1834329735706817,1.3643757438728463
2000-01-08,1.5538649772920965,-3.8957912179403893,0.543358907536947,2.673350272034223
2000-01-09,0.5544554828684487,-2.821398110443659,0.04010919147677372,2.43332631472046
2000-01-10,-1.2232582641739762,-3.010815123277533,0.6618772836682943,3.2136969758838116
2000-01-11,1.2053604737405397,-2.952920941824248,-0.6757876483578605,3.2032870001468927
2000-01-12,0.9684760469665001,-3.701934056599617,-0.6882757133117196,6.308358421091136
2000-01-13,1.0780596873718804,-3.110181434071917,-0.6896151980597532,5.69685491737189
2000-01-14,-1.9872211845868586,-4.43528525219262,-0.658158769739768,4.640989110201508
2000-01-15,-4.261165131963131,-5.418787738947379,-0.03527632195106556,4.477809261490779
2000-01-16,-4.580088445748894,-6.611297819221388,-0.1740874503598485,3.9070147987007138
2000-01-17,-4.5886651780721746,-7.8043914553080915,0.5574068539004161,3.338249971755867
2000-01-18,-4.909744169149164,-8.076444971317256,0.11574079385784758,4.679203198834697
2000-01-19,-6.510213364684457,-8.984759952122118,-0.5956839465860415,3.295638398015755
2000-01-20,-6.600014456261418,-10.135657021137504,0.5804974605950581,4.530723115366143
2000-01-21,-6.747501381617677,-7.878879661068759,-1.755396139244666,3.1679908688323337
2000-01-22,-5.404059086032588,-9.297405321457683,-2.724582846691345,2.133586926083532
2000-01-23,-4.846965607510651,-8.211408064390712,-2.142024913729061,4.164553879564597
2000-01-24,-4.353683826468261,-8.344776086098413,-3.8788069721486105,5.291104598981368
2000-01-25,-2.250503900011284,-8.641784909805136,-5.426992627981892,5.206949820847254
2000-01-26,-2.557734976717481,-9.173132712339129,-4.275006511011907,4.9857607149707155
2000-01-27,-1.8333605560632624,-8.703460599011652,-4.225661169471074,3.5198873018924854
2000-01-28,-2.038915906146998,-7.131843716504794,-3.266888668217793,6.384505913051915
2000-01-29,-2.11565637057187,-6.618502646612927,-3.6917919302899116,5.926719908112425
2000-01-30,-3.005287378310069,-6.348851848118205,-4.3006417222602416,5.932428150944219
2000-01-31,-4.163888016206457,-8.00585307238022,-3.8896012265573954,5.349085842449744
2000-02-01,-4.457427706908625,-8.415058276488931,-5.344287009446692,6.041678248537458
2000-02-02,-3.296813460545034,-7.403083668685535,-5.078808779485998,5.592043199483546
2000-02-03,-4.660361266987901,-7.0789040394293785,-5.588211933068953,6.800552798902004
2000-02-04,-5.458735210954197,-6.8767946694929085,-4.31446888897894,7.606425423118584
2000-02-05,-5.293613458107774,-7.268483772742085,-2.6355125295513853,7.428892332475328
2000-02-06,-4.510229016524319,-8.307774958103368,-3.576787334185591,8.174094806071327
2000-02-07,-4.022249607625717,-8.008790989981778,-4.631792167278197,6.769786490743883
2000-02-08,-5.86765961170563,-8.195759745068775,-5.658642388605004,6.039486972353268
2000-02-09,-7.27558427171436,-9.08979919105862,-4.653792799130119,5.051441268325135
2000-02-10,-8.104949194589514,-7.621979511886463,-3.0395614060540663,5.860422285458218
2000-02-11,-7.950373591692138,-5.818603198417431,-4.050391789395433,6.1131278445749775
2000-02-12,-8.440022665575373,-5.57500315278264,-4.527220102116351,5.464856354231304
2000-02-13,-7.765194535428827,-4.680377671986095,-4.414892598361477,7.091427705581786
2000-02-14,-6.80942422372322,-6.27783415059581,-6.397591424873089,5.518703048860745
2000-02-15,-7.465399514076266,-5.34396650000086,-8.17370935450677,5.34370759567166
2000-02-16,-7.419525085708332,-5.85006190977527,-8.653744286360032,3.7990981882466306
2000-02-17,-7.590257658862636,-4.087760917403117,-8.266768955664524,3.312235644548555
2000-02-18,-6.384953840480246,-3.7812178316800367,-8.232143162377858,2.4472715599338533
2000-02-19,-7.116521056746172,-3.042347839956522,-8.190168957797084,1.210280750314843
2000-02-20,-6.23966009966381,-3.2585848641577035,-6.5052621510362885,0.4358002102432543
2000-02-21,-5.102808549253634,-6.178512398687106,-6.952990644774329,1.461620595274514
2000-02-22,-4.47615075475525,-6.495592443229005,-6.022307832411501,0.027074685141831756
2000-02-23,-5.366586473047946,-5.8748056819039,-5.598869679279158,-0.718455951871226
2000-02-24,-3.640305747408946,-6.873927299692779,-5.283554226717796,1.1492888764263034
2000-02-25,-2.393170977431499,-6.113036085380908,-6.900865383026606,2.176651196736385
2000-02-26,-3.359115562294733,-7.226890544613502,-6.09008723507783,1.2485494704098907
2000-02-27,-2.390266784828492,-6.7557252715948515,-5.427713030825396,0.5805514161877463
2000-02-28,-2.7224519977222097,-6.045578418263428,-3.7701843255143364,0.6864840765547249
2000-02-29,-1.6843097124838142,-6.1918088985361175,-4.107814491326202,0.7452302094429931
2000-03-01,-0.3700679465379031,-5.502192874531007,-3.0659346591047765,0.40892367516377254
2000-03-02,-1.798093182427006,-5.208810743810028,-2.8581666975441586,-1.881309854550747
2000-03-03,-1.4994392750525072,-5.354453174149835,-2.7424355941508423,-2.344277948419585
2000-03-04,-0.7716291847569833,-6.327681956687173,-3.9236880401983165,-2.9206342395596527
2000-03-05,-0.6745724168572529,-6.812985130930125,-4.338484852187277,-2.1195276201610156
2000-03-06,1.0060214093087654,-8.03889495822755,-3.537865932559294,-0.6863217025693547
2000-03-07,2.5869675529654863,-6.519833187517474,-3.103765317118821,-2.7281022454747066
2000-03-08,1.6585808120750767,-5.935205000089607,-4.8985676321138785,-2.5786492309638667
2000-03-09,0.5451552903137287,-5.75191804131555,-2.922458193063634,-2.4920502666079303
2000-03-10,1.1648235387650592,-5.42048893268387,-1.126336868336483,-1.8359230388267065
2000-03-11,1.4573710262064699,-5.598688784661405,-0.9447950689977537,-2.3502105881589452
2000-03-12,0.8151675172669395,-6.468086488740968,-0.17207535894100567,-0.4652133409201129
2000-03-13,-0.6805353050043452,-7.138483511471678,0.21577660372749097,-1.4007688275619359
2000-03-14,-0.8657048282432025,-6.388644663933284,0.8401714242639159,-2.3136108608888843
2000-03-15,-0.8383604451893452,-5.49558919986792,0.32385795936437967,-3.1749848327741486
2000-03-16,-0.7666914502005486,-6.050101320212378,0.011884148763919522,-5.8558425120797875
2000-03-17,-1.6943825119943723,-5.198476362808637,0.7925084337363241,-5.017138110207603
2000-03-18,-1.3048741830804775,-5.436102832991197,0.5465272015348848,-7.66336139334304
2000-03-19,-1.0396769893746431,-5.820367951487772,3.138473158945331,-5.325756223679322
2000-03-20,-2.165490794458346,-6.603091696856684,3.5887808855658614,-2.9221963183561486
2000-03-21,-1.1056557136392957,-7.461290773255702,4.381543795118888,-3.4734385397260747
2000-03-22,-2.401360377228043,-6.590966851376397,3.426059676659939,-4.408359101867984
2000-03-23,-3.8124974989910223,-6.732367967084744,5.88935439143837,-5.416579163613882
2000-03-24,-1.3168326001900583,-5.715115071900507,5.728401496224495,-6.602212700747954
2000-03-25,-0.8279425739829696,-5.061416524255488,6.439956640832479,-6.861510726627881
2000-03-26,-1.409852120579923,-6.655609587208627,6.795710517926433,-6.8471785776817535
2000-03-27,-1.2102972213976306,-5.983693439389429,9.051701111871601,-5.694984098818687
2000-03-28,-2.6024089879277756,-7.357696887480186,8.368432751550163,-5.958475167291969
2000-03-29,-2.38661493758871,-7.99479242242084,6.79028340303446,-6.411215017679482
2000-03-30,-3.856763322282111,-7.6292214266756,7.385751595579202,-5.9893724117042435
2000-03-31,-3.603030674723393,-7.080565980086147,7.47909618010197,-6.1481309493992296
2000-04-01,-2.6683299153637923,-7.809766980561012,7.962320707372553,-8.11721645593531
2000-04-02,-3.324827157054138,-7.877387132841686,9.262501390864172,-9.39527752279441
2000-04-03,-4.499919417341427,-9.782874342420847,8.006408671699889,-9.388606281155344
2000-04-04,-4.506675988670121,-9.051554560277916,8.095975816305852,-9.933136404577965
2000-04-05,-4.209466960441961,-11.117602455345818,6.694546058197429,-10.38369352669101
2000-04-06,-5.032099300696003,-9.695575175408072,7.0299157111427295,-9.553770412941757
2000-04-07,-4.180646287256951,-9.63298502626824,7.709691702962079,-11.07153473739307
2000-04-08,-5.685310654196268,-9.10946118523335,7.695769340015002,-10.124162212646581
2000-04-09,-6.031910123503144,-10.256235538487593,8.176823626715223,-9.699324918823304
2000-04-10,-6.954480592514959,-10.42517783343283,7.0101107797192315,-9.31615378281159
2000-04-11,-6.571699299153231,-12.584830290725224,6.620735465812993,-8.43112369716053
2000-04-12,-7.2187363210504465,-13.82535323812791,6.757579258888123,-8.618828259410344
2000-04-13,-6.738680934646968,-13.565555053859097,6.262183342725274,-8.625109601895593
2000-04-14,-6.283806463853993,-14.001656359231054,5.511432581051252,-7.455859593132134
2000-04-15,-7.355420008445858,-15.38295478571971,5.971688441772871,-7.0783586919577
2000-04-16,-8.074180121977443,-15.349770129319039,5.061123035063818,-5.828211532240393
2000-04-17,-9.29315672143252,-16.033125674104202,4.980144889576267,-5.458386042796636
2000-04-18,-8.158775210807494,-16.261656062846775,5.514693991633628,-5.25911822281393
2000-04-19,-7.8862802875952775,-15.555401491470697,4.341634476730171,-5.647525505381815
2000-04-20,-7.195369310816784,-15.954551265863365,5.429523622527057,-5.846517644326284
2000-04-21,-7.453017129191127,-16.01214420929647,6.265879810619042,-6.4127051761288945
2000-04-22,-7.183943359386294,-15.788985492889978,6.106539238183216,-5.5963223957152834
2000-04-23,-8.619848843737541,-17.744138274745556,6.47383952322604,-6.94173898043419
2000-04-24,-7.974010606774996,-18.078608492961003,7.387697055249719,-8.105536132873512
2000-04-25,-6.738430718090989,-17.815728155078435,7.60271795120758,-7.8165731553874105
2000-04-26,-8.028923736469551,-18.007054521829975,8.12370775610934,-8.647779926000748
2000-04-27,-6.6041414211387535,-18.281314641400854,8.802183909398016,-9.101350787634042
2000-04-28,-6.530028244574525,-20.206580629656223,9.7395449665706,-9.436040289810068
2000-04-29,-6.035668158823586,-22.064175046798923,9.954029973743141,-10.976234147463755
2000-04-30,-5.653149828157859,-21.976396429909503,10.949828965410486,-11.497680521486702
2000-05-01,-5.514284297789823,-19.82896276877778,10.39900476298527,-11.500191531969891
2000-05-02,-4.867586716262163,-19.573663339878717,6.891520502917741,-12.2535426858295
2000-05-03,-3.548024363913239,-19.019301167476982,6.386808832389515,-13.54581071814923
2000-05-04,-3.655159176436609,-20.22875365881258,6.287770538254782,-13.225035927740018
2000-05-05,-4.27977701938935,-20.488225355379093,5.735743258534001,-12.888154050637866
2000-05-06,-3.925409860530724,-20.87723781269304,5.6684557270546305,-11.644628774445497
2000-05-07,-4.836176599393121,-20.492693819157857,3.5206678651147345,-10.858732100718125
2000-05-08,-5.621462867264282,-19.824681323992248,5.808839655827716,-12.203447435547933
2000-05-09,-5.123857024647061,-19.759067770109723,5.104161461939785,-12.20670182911634
2000-05-10,-5.771308675826578,-20.47419608758753,6.366712572112003,-12.447783514680829
2000-05-11,-6.882032084272889,-21.713309572854772,6.256301641752226,-13.32721284972279
2000-05-12,-7.877216373452984,-21.417904664254827,5.680177633635925,-14.404150999064488
2000-05-13,-8.786717567013074,-22.897045769508168,6.192260055763862,-14.80360856734304
2000-05-14,-7.748979492516177,-21.153737964655882,5.550297185046496,-15.177415621365052
2000-05-15,-7.327675593852173,-20.68118817098318,4.832214719195053,-15.034404035393122
2000-05-16,-6.224025812939684,-21.2127663117568,4.400718684643529,-15.574910349173868
2000-05-17,-7.138305563001378,-19.55100503605384,4.174298621258373,-16.82822819805497
2000-05-18,-6.394158682918411,-19.745835996287106,2.640060920881292,-16.367026507797128
2000-05-19,-6.191436922400293,-19.33226242142443,5.029473833933025,-16.399619428612908
2000-05-20,-6.602077459428095,-19.056062154558756,5.998541098017793,-16.1476212985795
2000-05-21,-8.098178416224119,-19.676687686090997,5.765216215093229,-15.153863080121706
2000-05-22,-8.992441006827024,-20.420867177426224,5.762823885780349,-15.022627170792102
2000-05-23,-8.025960026096781,-18.919829792032086,4.8956651263382565,-14.402752307403132
2000-05-24,-8.11411909120974,-19.024708426192817,4.719033492685609,-16.357771022372095
2000-05-25,-6.638172340629708,-18.49361954195225,6.554130702194624,-16.257434015318857
2000-05-26,-7.019538882873116,-18.701262216722135,5.764731636086268,-16.913030626082893
2000-05-27,-6.775023482461461,-18.957832576049825,5.180514581984032,-15.582111991018458
2000-05-28,-5.813871728042322,-20.183109824331552,7.090570690842666,-14.478019153807843
2000-05-29,-5.855012543893059,-18.918487113622888,6.023207709839683,-15.640212525139425
2000-05-30,-6.618114478453811,-18.895339257673804,6.042045178170301,-15.318086365542536
2000-05-31,-6.140136697964589,-20.073637305863386,6.815454104916416,-14.339058274790787
2000-06-01,-6.850846569706746,-20.50327180196551,6.962036001125246,-14.078018929960557
2000-06-02,-6.962453646469772,-21.416720832824158,6.599292832787103,-14.937464445220101
2000-06-03,-7.1508898765223465,-22.617898999245245,7.145296906749975,-16.373289852109856
2000-06-04,-8.24993067532964,-22.09054982820246,7.362237726027187,-15.270395640728852
2000-06-05,-8.855964696180092,-21.769726765603853,6.872175867222598,-15.01380862363782
2000-06-06,-8.238390596651657,-20.326854782346327,8.148807036259479,-15.65874418849068
2000-06-07,-9.252822363327923,-20.234363622966438,7.517869246604856,-15.655563953460376
2000-06-08,-10.14034727226504,-20.226667769173602,6.47592099556141,-17.823995439737566
2000-06-09,-10.424419190590342,-20.262838413370684,6.888490107774691,-16.536400907908504
2000-06-10,-10.754405334452091,-20.355459247178374,7.4460918257096145,-16.783441274280463
2000-06-11,-10.802988140633989,-20.83159812952195,7.563336265449691,-18.236900143301767
2000-06-12,-12.195853981461841,-20.38025285355449,7.506774420749141,-19.937815462867313
2000-06-13,-10.203358515151654,-20.413643262963742,7.344961731444398,-18.824158540508844
2000-06-14,-10.8023598677033,-20.837336360555827,7.248213162837635,-19.878178253748725
2000-06-15,-10.432833662758146,-20.9570328914706,8.49661753160541,-20.63077749184796
2000-06-16,-9.784438437850747,-21.421927916619005,6.713887653445617,-20.705918607463353
2000-06-17,-9.570451068506117,-20.074438133653903,7.462188958561233,-21.350918784635244
2000-06-18,-9.28439385113479,-20.567161713714583,7.992820040619682,-19.518575658476692
2000-06-19,-7.84765846375444,-20.71208472974812,6.704961072221979,-19.13586360066332
2000-06-20,-8.899407239869282,-18.9119395630795,7.722604229008631,-18.567296547901453
2000-06-21,-7.711469731294119,-16.805831141806102,7.267833190943035,-17.07696715917313
2000-06-22,-8.800134021580527,-18.086081278449665,6.788225141166132,-17.332109180952934
2000-06-23,-8.781426746693443,-17.981746687972176,8.19990035782565,-18.17608946840674
2000-06-24,-8.951743040777036,-17.711867810798324,8.079125499825892,-18.357290182734094
2000-06-25,-8.2653430467317,-18.04164767258872,8.799849038598127,-19.080164688167464
2000-06-26,-9.6142389787515,-18.816153557276337,9.624566050451774,-18.14757800965144
2000-06-27,-8.926677546661866,-18.595726060589254,10.09133978773896,-19.16669036182223
2000-06-28,-8.694598465796277,-20.186629008816205,9.416832063580697,-18.15928456912439
2000-06-29,-7.97470608698619,-19.942370016778767,9.3410767260453,-17.715325422998067
2000-06-30,-7.707422518118648,-19.70672358043823,9.22947155494854,-16.71631748888191
2000-07-01,-7.686270192483218,-20.61373864026721,7.939078606448488,-15.98085600872031
2000-07-02,-7.325593524429272,-20.765531561380797,8.728034688029362,-17.081454422715787
2000-07-03,-6.0284501199753615,-20.664366206652208,8.530998723888679,-16.654092770507678
2000-07-04,-4.838472629038363,-20.695655371726303,7.130213555341587,-16.42486239714524
2000-07-05,-4.439319404112048,-20.555361574612718,8.45190737820326,-16.475113464902712
2000-07-06,-4.681819669176298,-20.19055259235592,9.503477292037921,-18.068111348173346
2000-07-07,-4.098099316709293,-19.16042307315457,7.84113765866345,-18.428347201264987
2000-07-08,-4.441674015274571,-16.86820633032372,9.323358396055204,-18.132216134776233
2000-07-09,-4.234731433511365,-18.89111305715301,8.492450821641345,-19.102285997565232
2000-07-10,-4.953857650469933,-19.064794226816844,7.958794970613246,-19.244016554042673
2000-07-11,-7.5090306590249005,-19.35535498179089,7.721810740964098,-19.439059430815913
2000-07-12,-4.704678572961557,-18.996876397325707,6.511598192046174,-19.412682664386093
2000-07-13,-4.7079310973265285,-19.54282192878539,8.047055926011842,-17.9823781099781
2000-07-14,-5.408980690173483,-17.854026359165736,8.913127767739867,-18.332939040006533
2000-07-15,-6.121392985072628,-16.22408127296476,9.296964645465398,-19.365435205356928
2000-07-16,-5.8759219685073685,-16.755487680493296,8.575667032063505,-17.919576129495372
2000-07-17,-7.092782120592897,-17.205190741883623,7.7557944098367955,-18.03113130709965
2000-07-18,-7.4838508007823235,-16.963154554139898,9.00923747191593,-20.50499906186948
2000-07-19,-8.604310981597287,-17.592228294072314,9.026193641566195,-17.930868041064386
2000-07-20,-6.441875905153898,-18.94092616208941,9.339956018451922,-18.13056270317093
2000-07-21,-4.64056650548537,-17.488479022661664,10.363947749154091,-18.210879537338762
2000-07-22,-4.266225946837796,-20.026010515879513,10.037483591395784,-18.60617690241522
2000-07-23,-4.488445914933335,-20.596462985058565,10.047366272221186,-17.83602861422948
2000-07-24,-3.311549096338833,-19.004293492196286,10.459662000507508,-17.24057783606752
2000-07-25,-5.733712738191439,-20.315076273321182,10.047190537319905,-17.55907064128566
2000-07-26,-5.990545498148885,-18.828241027251195,10.198250462871291,-17.418872075006618
2000-07-27,-8.008723052575759,-19.055930230468032,10.888552311788247,-17.587224645555516
2000-07-28,-10.631453985280904,-18.993873426857235,11.301466392927406,-15.968937112238908
2000-07-29,-11.929013115010983,-19.8536106862083,12.622324493018604,-16.101246739550422
2000-07-30,-12.6623601233592,-20.79602264845898,11.922424816472958,-17.674586087933168
2000-07-31,-13.476820539807527,-21.854383748092587,10.56522534130199,-18.336330099277067
2000-08-01,-14.088624348324752,-21.406191669605214,9.541991504192536,-20.798969485540663
2000-08-02,-13.549757648521464,-20.034175521277042,9.482208344652618,-22.39508436012298
2000-08-03,-12.268912394529277,-21.763451319910796,10.969693514271661,-23.3725761714196
2000-08-04,-13.217382858409154,-23.479265394317505,10.915689032709157,-24.826982266992744
2000-08-05,-12.523123870995718,-24.9284339764813,11.34879668569699,-26.644507873262
2000-08-06,-12.664403606689381,-25.251212641971513,10.941262336318031,-27.95445937351922
2000-08-07,-12.866155589728626,-24.546118547908712,9.939325313755987,-27.704585526827433
2000-08-08,-10.652317491606667,-22.95266972159647,10.543850971520673,-26.358789234196358
2000-08-09,-10.018580699804257,-21.31171224576619,10.899377625518197,-26.60534894908936
2000-08-10,-11.245054694759567,-19.985754739950902,10.253629337292752,-25.95301640444945
2000-08-11,-9.888566671992006,-19.1161090658875,8.103905867540876,-27.041468515783937
2000-08-12,-10.126185361279104,-21.01709692505114,10.111999262422236,-27.26547600159771
2000-08-13,-9.943452435473443,-21.445003249065376,9.411268482528763,-26.105655265633093
2000-08-14,-10.548633663051998,-21.29231522191985,9.537526979682521,-24.597572191602243
2000-08-15,-9.876030896147165,-22.818273019281673,10.132455363514744,-23.869278218098426
2000-08-16,-10.795581234921318,-22.953462221786975,10.233295746321291,-21.79342583440613
2000-08-17,-13.410824464494056,-21.64082325216188,9.814300771538177,-22.808884379120652
2000-08-18,-14.757404411619733,-20.174778983501287,10.32000212923731,-22.73834643961354
2000-08-19,-14.723106746809526,-21.03099550472142,10.871370897397728,-21.718737249219586
2000-08-20,-16.940490170155503,-20.297214616650443,11.756929459084876,-20.51320278551257
2000-08-21,-17.29321066268032,-20.4829474004406,12.102647244921293,-21.817198627337252
2000-08-22,-18.598430738572432,-21.584297256009798,10.753303308968826,-21.724488703223113
2000-08-23,-19.435177421502715,-20.266634243428378,10.606720147874068,-22.28435475652936
2000-08-24,-21.874765396435354,-20.981205908152887,9.332037328574353,-23.634248295018736
2000-08-25,-23.06625316636748,-21.341981487648805,9.526548089612326,-24.724008509898276
2000-08-26,-24.67282169399993,-23.108231072328536,8.200056517375433,-25.446889551726574
2000-08-27,-25.926430841090934,-24.243172235715555,7.922525680954376,-25.15483424030664
2000-08-28,-23.228461431203076,-25.525927922893352,8.276530735321844,-25.642725894994953
2000-08-29,-22.124933500176727,-25.64405494870709,7.200297473858276,-26.225745030659354
2000-08-30,-20.763982651698534,-24.47898014512064,6.809031940356871,-25.36811221744617
2000-08-31,-20.02450902003759,-25.70120766101033,8.592133619526486,-26.306762186421704
2000-09-01,-19.950738849189698,-25.083547851316922,8.505000821499683,-26.66198127619674
2000-09-02,-20.624468470400025,-25.03288425808263,7.989364121843577,-25.512696836847702
2000-09-03,-19.87016207168354,-24.859363078165654,7.017062181228992,-28.05131104345628
2000-09-04,-19.191319527203163,-26.058469933514996,7.426843461965895,-30.377589081875534
2000-09-05,-20.23317414457372,-27.48954003256595,7.96593148492429,-29.9568518443736
2000-09-06,-21.37591667493619,-26.98935025377805,8.630730565530989,-31.237645841129474
2000-09-07,-20.03107608251433,-27.79866220215031,9.852462282875393,-30.366425106454248
2000-09-08,-21.518972505378343,-26.569317403209308,9.635042402988422,-29.126409389449794
2000-09-09,-22.63266179034753,-26.030698163346084,9.910314705814415,-28.642855476085895
2000-09-10,-22.118883133557834,-27.193181617583583,9.729113049906534,-29.074367494877954
2000-09-11,-20.96118158728102,-26.57057273678697,10.272241062286106,-30.046364495335787
2000-09-12,-22.501085339361087,-26.629808915041362,10.099356992047065,-29.263750681221218
2000-09-13,-24.484971221848397,-27.132038487241047,9.555947105925437,-28.890938740761033
2000-09-14,-24.188627334071644,-26.653878886378628,10.250964795371775,-27.729931667554595
2000-09-15,-25.999122100944916,-25.163241601079864,9.74897628176453,-28.46103301079312
2000-09-16,-24.207632085888992,-24.62335382023101,10.906148776661237,-27.865775489418397
2000-09-17,-25.243941975573733,-25.64005866352017,12.749469421097583,-26.004046180673853
2000-09-18,-25.298966011528908,-27.27108944978636,13.315042117550082,-25.740050872340785
2000-09-19,-25.63326635211868,-28.52841172859832,13.154638312825442,-25.288379285788793
2000-09-20,-25.039013179149464,-28.5845998147782,14.844601703522132,-24.11801526026914
2000-09-21,-23.28996311550853,-28.435282412957417,14.584686853044698,-22.589254324371932
2000-09-22,-23.382148865971153,-29.71672673519411,14.722723015892836,-22.490695816248344
2000-09-23,-22.716849635669284,-30.364326909377862,15.516611506724196,-22.551869117808412
2000-09-24,-21.865848091423313,-28.47507570389573,14.993799830775478,-22.58057531875376
2000-09-25,-23.412837079080017,-28.090816502506662,15.820077619761564,-21.82747747016541
2000-09-26,-24.966476646688527,-28.349796637979466,16.590736044730335,-21.507924688994432
2000-09-27,-23.93563485955223,-28.002803727130072,17.853013956602123,-24.04435605216751
2000-09-28,-23.62193699511149,-27.945918474587128,17.020956366044892,-23.849154291864313
2000-09-29,-21.984778077439177,-26.95098501837599,17.75663561708267,-25.73040793793276
2000-09-30,-21.47102195836534,-25.562201476826324,17.488244849928552,-25.25000774121589
2000-10-01,-21.096703256086947,-26.916773970797394,17.81820218457692,-26.58752557850433
2000-10-02,-21.717153785204175,-25.90744669256711,16.39383406285589,-27.000922461493502
2000-10-03,-22.34560222489997,-24.92576305159671,16.992642764980705,-26.114775708444064
2000-10-04,-22.726836649293332,-24.96187949735048,16.65907866254026,-26.217376155512383
2000-10-05,-23.084797762590178,-24.65915804854828,16.362735721997517,-25.759442823981026
2000-10-06,-23.331007682602948,-25.678410329431852,16.817970715644208,-26.80288582840295
2000-10-07,-22.296930024812458,-25.636154119182518,18.03419835992431,-29.158604355395937
2000-10-08,-22.733618321748946,-25.518487162446345,17.22091037742448,-30.021312874626858
2000-10-09,-23.334174398942,-24.10200598739302,17.588523232519414,-28.22340911978061
2000-10-10,-22.366426785303364,-23.662927478061906,17.854382195666506,-27.87380644853055
2000-10-11,-24.055302456824055,-22.007137056899122,16.857548624367567,-27.926007510737527
2000-10-12,-23.290519302053923,-21.9317370843806,18.20324116323555,-29.14172957498844
2000-10-13,-23.576984597799015,-20.32811428448357,17.261073524704997,-29.3127714131452
2000-10-14,-24.269246099830884,-22.1717633014111,17.926863560853846,-28.778071470500784
2000-10-15,-24.517337898754608,-21.18815454408852,19.670962329725217,-29.101676392855758
2000-10-16,-26.60704548227182,-21.789283122050914,21.024052182790786,-30.24689110780762
2000-10-17,-26.09317705828279,-22.36383695413891,19.696293287470937,-29.35469182090884
2000-10-18,-27.54702096755152,-21.999984242975515,18.93095587034464,-29.43547796316794
2000-10-19,-27.910819143257726,-22.114621276313773,18.286524853598358,-29.436708690753683
2000-10-20,-28.830463543618464,-22.811590671749155,18.027221949812617,-30.35437659755535
2000-10-21,-28.828800550473574,-21.848255206485558,17.605956490777487,-30.584316268158496
2000-10-22,-28.910848353185543,-22.610878972473035,16.3765051330501,-29.449945418273845
2000-10-23,-28.76821175453014,-21.693429116337295,15.449140784114586,-27.97839333782917
2000-10-24,-27.67135419539968,-21.178249945843636,15.592186608642374,-29.01245382204996
2000-10-25,-27.85418267173331,-19.71665434432753,14.964639893519443,-29.60269477485078
2000-10-26,-25.84290372475381,-19.86031456935769,15.433397064248203,-28.39004735836494
2000-10-27,-24.432648245371922,-19.755881553285235,14.080209814704649,-28.32171933309344
2000-10-28,-24.999338405387544,-20.878397989127883,14.876114131738733,-28.614928654767247
2000-10-29,-25.23493727902618,-20.613377876102398,14.287299074385333,-30.201320976457787
2000-10-30,-25.955150804308758,-22.279915666503943,15.242414580157051,-29.75379881960477
2000-10-31,-26.576363912956783,-23.50203627320304,13.891503500924264,-30.457822207163453
2000-11-01,-25.267539237136177,-24.221830256644356,14.198569789465271,-31.07861110857732
2000-11-02,-27.08058428437785,-22.33324168836258,11.698620215494376,-30.97421712872289
2000-11-03,-27.799876289560597,-23.695219702797015,11.149212429867175,-31.367237613569973
2000-11-04,-27.576208140393813,-23.964581126761765,10.387928590675639,-32.02867227673328
2000-11-05,-27.752102707865376,-22.457389765411158,10.41614841207579,-32.59922884968281
2000-11-06,-27.850430170700047,-21.535856899666378,10.002208592104031,-32.1049937039035
2000-11-07,-29.05831156470001,-22.471930788220863,10.014208932051929,-30.62051354439588
2000-11-08,-26.47537282090336,-22.68141599073665,9.772242050388183,-29.879941419434477
2000-11-09,-26.04156143113714,-22.77408639928002,10.69622152344485,-29.48367769620435
2000-11-10,-25.65875452962718,-21.530551826567905,9.756770414376797,-29.277003196444653
2000-11-11,-26.35477848446402,-20.460885459860716,10.55480591808983,-29.249762965076798
2000-11-12,-26.268822462564042,-19.43429827969221,10.780184869306538,-29.21463676233328
2000-11-13,-27.024233851717185,-19.419866588803107,9.071616201370334,-28.61391152172366
2000-11-14,-26.72093949236889,-20.614529352598435,9.987330189352347,-29.55271714660685
2000-11-15,-24.846343488278826,-20.054018032438936,11.487517356441192,-29.21538407521622
2000-11-16,-24.2326911244672,-19.806649518416567,9.971450162288278,-30.89795295513051
2000-11-17,-23.60295534796137,-22.13541066838375,9.133996863141547,-31.381779042526283
2000-11-18,-25.513215617783615,-22.612538637586436,10.249250306343304,-30.809372895332597
2000-11-19,-25.808172041256363,-25.30338171161044,11.437289705413146,-31.485061392009882
2000-11-20,-24.379674228825937,-25.488549296632346,11.72188172436229,-31.719228627904155
2000-11-21,-23.981296813421164,-23.963589095382478,11.048572206645304,-31.8560385348455
2000-11-22,-24.228809813115074,-22.932723381669334,10.41203811179163,-31.64459982132132
2000-11-23,-23.123123317689842,-22.332581419180936,12.26477132104223,-32.27263457596235
2000-11-24,-24.012915560756277,-22.8607373758901,10.566609295007519,-32.065350527190844
2000-11-25,-25.25763246933197,-21.58049815392867,11.314933777711746,-32.84509184947275
2000-11-26,-24.268778741820633,-20.817347417066596,11.138013162128262,-33.58306626209839
2000-11-27,-23.853053145309598,-22.06318865480018,10.487689821128965,-33.83416521290371
2000-11-28,-22.475698694475547,-22.442080456586954,10.820225558981324,-33.330669569193276
2000-11-29,-22.188571806965868,-21.85532022596815,10.091932345293104,-32.70322287197745
2000-11-30,-21.864202082494074,-20.83604987454932,9.986491042437166,-32.437159931392294
2000-12-01,-22.811894509700743,-20.590014269038722,9.04626029653569,-33.452361776703974
2000-12-02,-23.308510250600655,-20.96983630861525,9.944512335052975,-34.24153584713071
2000-12-03,-23.424469333354033,-20.31133068236619,9.830314491953219,-32.25130567387371
2000-12-04,-23.00700855807756,-19.340294170651426,10.983842323930524,-31.577533376015776
2000-12-05,-22.482811371045553,-19.053587540517572,9.959072765841873,-32.77245531972353
2000-12-06,-21.16839249731351,-17.254630344468815,10.358821021385694,-31.916054150700422
2000-12-07,-19.855286386314667,-16.237096598278164,10.540959343101173,-31.790967601074218
2000-12-08,-21.408603373732078,-16.29337140189975,11.326983047500137,-30.660243042426096
2000-12-09,-21.75200624880823,-15.853737540883063,11.455632082443952,-30.03710210544664
2000-12-10,-22.616685569754203,-17.419398983786728,11.220152878627877,-29.747604823611734
2000-12-11,-22.758578849988062,-20.742028757256133,12.641073329806966,-28.356505815084322
2000-12-12,-24.263972759589553,-17.71498641163483,11.900334465882448,-28.423099123204437
2000-12-13,-25.044485771123316,-16.10262355109305,12.026718162920936,-27.85041689063776
2000-12-14,-25.67218874093869,-15.88569787385106,13.219801358034658,-27.133585982409347
2000-12-15,-25.667501691441725,-16.67425353148449,15.39137305094135,-26.63988123216265
2000-12-16,-27.922761337741377,-16.38712673294686,16.662158476051943,-25.3480309199577
2000-12-17,-27.942771605937754,-16.486315957358535,16.69183266771117,-25.430045955274704
2000-12-18,-28.332921800135118,-16.428294722757656,17.13561339857193,-24.40904176044738
2000-12-19,-30.237308893759202,-17.72415097563534,15.68178615361113,-23.01238813115392
2000-12-20,-30.762020585353554,-17.992089207457607,15.99415147960921,-23.956399067310297
2000-12-21,-29.425091991157466,-18.44397582247313,16.540385793106456,-25.780273209894993
2000-12-22,-30.543777740152247,-18.58111438749367,16.933876735970973,-25.90347724522175
2000-12-23,-32.608695845900634,-20.148451140335176,16.526760550785646,-25.36102659351526
2000-12-24,-32.76789149591103,-19.82024852469842,16.642019995951284,-27.443037544312958
2000-12-25,-32.37098422381946,-18.77848495470838,16.087160535637615,-27.11610212385817
2000-12-26,-31.456549836322054,-19.550468531024933,14.807847899486877,-28.354059451443778
2000-12-27,-29.775753761483458,-19.069598840344558,15.178438707690495,-28.879048189103145
2000-12-28,-30.10199268745523,-20.11550328685027,16.75311192712806,-29.518152342742034
2000-12-29,-30.724800769514125,-20.969034500096058,14.913831647044846,-28.546940463395227
2000-12-30,-30.11116828974405,-21.89550852119503,17.618497911393113,-29.178325066831874
2000-12-31,-29.368881220452803,-22.05781797143401,19.767006580276764,-31.116054708751317
2001-01-01,-29.15937456366929,-23.452511052589475,18.683193812796567,-32.1655906858582
2001-01-02,-27.99290186040604,-22.33792034724735,18.195421120444983,-32.53054892231431
2001-01-03,-28.45819702050201,-23.331263947837886,18.029805816088157,-34.54025096904278
2001-01-04,-28.03616249678091,-22.780666744400374,19.178395177615783,-36.50026526070819
2001-01-05,-27.227228619786,-23.24562700547223,18.403628446076198,-37.18462012680562
2001-01-06,-29.031600507814694,-20.82810085740809,18.48685084400631,-37.21446611518073
2001-01-07,-29.17898398665423,-20.05715557064312,18.204512136769157,-37.69470186693444
2001-01-08,-29.1341064613197,-20.929195633115537,17.58947737521447,-37.34800866959851
2001-01-09,-29.813882734843673,-22.464076514350836,17.291389579721283,-36.62429180928028
2001-01-10,-30.56232656279134,-21.3660345053384,16.561501812518205,-34.72192447632028
2001-01-11,-32.88567025715136,-22.93622240141864,15.855243979217194,-33.65362990738283
2001-01-12,-33.36811530381413,-23.54720268877202,16.741013952089517,-32.89532038288827
2001-01-13,-33.82587722920966,-23.45911579887429,15.605282571959503,-33.307105165973475
2001-01-14,-34.30841569984977,-23.49825860026044,17.142387562674017,-31.430649891470573
2001-01-15,-33.31298818705149,-23.282724028500162,16.480385698738473,-31.05448370839551
2001-01-16,-32.420903187859345,-24.34082669641067,17.84731118732964,-28.683159805498615
2001-01-17,-32.48120008452561,-23.726769643467428,19.675929531216653,-29.008072130062793
2001-01-18,-30.53020895794895,-24.866143815361106,18.04373590704403,-29.844345038887262
2001-01-19,-29.168191692447795,-25.395755102074123,17.01521240387436,-30.33011803089446
2001-01-20,-28.19910703145229,-24.215314559813113,16.345038082486347,-29.922977520254307
2001-01-21,-29.56008557159055,-23.251002643626506,16.741913358775086,-29.70628567365585
2001-01-22,-30.604535531456484,-23.30718403767522,16.669789178346537,-30.934283982839073
2001-01-23,-30.21245298221391,-23.533320241998222,16.453855877880194,-30.056495760722886
2001-01-24,-31.369796225202318,-22.23057603787652,15.591590215337828,-30.87964370310801
2001-01-25,-30.74771872475943,-20.737878971927287,17.29440812519094,-30.95798787645458
2001-01-26,-29.013298938547493,-20.85629045906992,16.60624110176183,-31.25849803958556
2001-01-27,-28.311806330771287,-22.292445615502054,15.99648909704139,-33.381392966767166
2001-01-28,-27.95376430652326,-23.124224449592322,14.625146852216586,-35.244662558056056
2001-01-29,-27.056993997231015,-23.315791921862495,13.588577121267553,-33.752613360366176
2001-01-30,-26.13638686533793,-24.703094615802527,14.561278842440572,-33.19392257452518
2001-01-31,-25.387251279716168,-25.689787290110658,13.640039241137622,-32.462067291464116
2001-02-01,-24.726224406929756,-25.095565550778208,12.625027086812715,-30.84641979906064
2001-02-02,-26.947554034349885,-24.11301406829598,9.481731201693771,-29.545526290587894
2001-02-03,-27.421827564869204,-24.486438557652054,9.639761701117575,-28.583409965504533
2001-02-04,-27.69959770820455,-23.415568024536462,9.10471678598113,-27.087612542226562
2001-02-05,-29.310871936823048,-23.56770875163461,9.752524296618862,-28.343065340595665
2001-02-06,-29.900074429279464,-22.95671708245193,8.963548350057764,-28.244844644750042
2001-02-07,-29.243323493182256,-22.6320329721429,7.967951618052984,-27.55160317265733
2001-02-08,-29.560467634049637,-20.631378113297387,7.328060641326127,-26.95138410101792
2001-02-09,-28.626568189788436,-19.47869164096884,7.970124471890442,-26.031481999181498
2001-02-10,-29.377531028328928,-21.048944150836853,7.6201630597096095,-25.159459246051913
2001-02-11,-29.389654976399697,-19.94434654914143,7.512268686847394,-25.338547677972493
2001-02-12,-28.462957077961025,-19.53225451181105,7.457136209633623,-26.10540495705548
2001-02-13,-28.891502992109384,-18.577001818463675,8.696617441291732,-26.4583728096973
2001-02-14,-29.51047951375318,-18.463756767400067,8.344042486885986,-27.243796307946248
2001-02-15,-28.710761448200195,-18.3870504356627,9.869558843250074,-27.624325579440814
2001-02-16,-31.60228537657031,-16.522924154686883,9.080403783116656,-25.384236339430277
2001-02-17,-31.665219689782667,-17.842887009697684,7.902091798261039,-26.448272744768865
2001-02-18,-33.01768832527989,-18.162530299835943,9.392436871363103,-26.181448207383028
2001-02-19,-33.71161043202621,-18.197446075327324,8.678337238518687,-26.907681109515245
2001-02-20,-34.703518537091284,-17.238817083504962,9.002077916693423,-25.87166557275703
2001-02-21,-35.905271659367884,-16.251532078143534,7.840730700171523,-27.32357600902466
2001-02-22,-36.24974071132725,-14.797827565999654,7.470754605038311,-27.25782918218283
2001-02-23,-37.70712450340924,-15.031029669951979,7.827895251430397,-26.511757880626963
2001-02-24,-36.68132498305041,-13.273988152461527,6.681307484264705,-25.762091482004585
2001-02-25,-36.09001592597298,-13.493776993747975,7.611044796679429,-26.623364773528742
2001-02-26,-39.10589249231705,-14.010297214128574,7.677468651525042,-26.61416316600468
2001-02-27,-39.26466920028925,-13.327829261560646,7.83729651769391,-26.978073927692314
2001-02-28,-40.895725100865384,-13.461548809001467,7.113121456006183,-27.60194892039943
2001-03-01,-42.00718010470622,-14.422675072309799,6.361014139172259,-27.365484595097232
2001-03-02,-41.5531940912853,-15.945216921504944,9.00714653479823,-28.02411910374153
2001-03-03,-40.44585386847339,-16.150752806948486,9.051391786620101,-28.927345856975546
2001-03-04,-40.21215262229898,-18.02476723908829,9.109775504026901,-28.852976790862918
2001-03-05,-40.40472400027932,-18.10882843304098,8.336929535363966,-29.77250459904242
2001-03-06,-40.640543023474315,-18.58073661954447,6.9175624209464335,-30.856274010686686
2001-03-07,-40.57127344526982,-17.294774329732846,5.491363175972333,-29.911018296046464
2001-03-08,-38.13435468539639,-18.120263151588443,4.666547947051652,-29.509668583203503
2001-03-09,-39.647697599333256,-18.527856190398193,4.535843450285557,-29.895815469057172
2001-03-10,-39.12413875091207,-18.47924820835251,4.0174158313607995,-29.99889868085574
2001-03-11,-38.17717733104076,-19.242640503892193,5.523303747554426,-30.806925734977995
2001-03-12,-37.14241559218916,-20.40277104915343,5.429350369747558,-30.299301487317685
2001-03-13,-38.571204281538726,-21.98712712331514,4.244486275042263,-29.64544538972678
2001-03-14,-38.33701447899663,-21.603574080112963,3.3827385887622397,-29.043014831534926
2001-03-15,-39.742003642139906,-22.493539374481184,1.5401098241088886,-28.928223045385575
2001-03-16,-39.43337091279329,-23.405049654466985,0.47167956390478727,-29.72703616927645
2001-03-17,-40.78986591338438,-24.899404313073354,-0.036301938157957125,-28.914944352118013
2001-03-18,-40.49087122734243,-25.373714429920902,-0.9781214436249309,-30.273315018477813
2001-03-19,-38.72363632394655,-26.287466208367544,-0.8731106360836878,-29.970044373538446
2001-03-20,-39.63299325242089,-26.377595284188786,-1.459812456102589,-29.84129072995131
2001-03-21,-37.77564796172728,-27.172968789263464,-3.5263773863248344,-29.822282985747997
2001-03-22,-37.04563698950152,-27.70262786410292,-4.233942870062211,-30.09185528593639
2001-03-23,-38.44245098926714,-27.867835967367736,-4.863037152260336,-29.124784305027358
2001-03-24,-36.74373694232408,-27.638189086351716,-4.794621108989428,-28.951376339137475
2001-03-25,-35.505766208330336,-27.550980133612615,-6.5217588882360875,-29.060075429073027
2001-03-26,-36.578651172729614,-27.22092110866467,-6.872859879082398,-28.93481505656944
2001-03-27,-37.382134062767506,-26.78920432218378,-8.637514289209404,-29.852587786778923
2001-03-28,-37.807759826389585,-26.024572871347942,-9.521523117568567,-29.931811939051066
2001-03-29,-38.45748255382293,-25.49814674717026,-8.927963510005018,-30.028730544388374
2001-03-30,-37.50121737289271,-25.665725842160818,-7.677423909381671,-28.092506372780434
2001-03-31,-37.53260579146329,-26.416504009213817,-5.870467332397099,-27.49851495699256
2001-04-01,-37.89579340647161,-27.195471324177284,-6.923558320694464,-29.21545259474498
2001-04-02,-39.70835754558117,-27.073526853923607,-6.680427451576457,-30.215722630500913
2001-04-03,-40.71873467145137,-27.352144184125486,-6.498664600775235,-30.25635395686973
2001-04-04,-41.02297905358179,-25.526598615657885,-5.66372942759863,-30.364116332005693
2001-04-05,-41.77928255897155,-25.58202618378032,-5.166755195146211,-29.909558357804645
2001-04-06,-40.89904791542438,-23.638063362052463,-5.471629906372195,-28.50826838340796
2001-04-07,-40.135840583790305,-22.21031940719825,-5.979902742890421,-28.89007189913355
2001-04-08,-41.85693197111126,-22.8347075266576,-6.656737498788479,-29.23076518340115
2001-04-09,-40.49048187579373,-23.15299016325807,-7.879142880298742,-29.43394599556267
2001-04-10,-39.99903175222011,-24.991847387999087,-7.880019965895687,-29.749294568543927
2001-04-11,-38.510209638016455,-23.216219350672745,-8.257766801523992,-30.287131191610204
2001-04-12,-37.99327997405101,-22.74152269701322,-6.148596592923362,-30.530166509598025
2001-04-13,-36.51526036866601,-21.632606139272458,-6.686876048491634,-31.702051146824324
2001-04-14,-35.880566890486605,-21.993330485224515,-6.830282942890308,-31.618035518659052
2001-04-15,-35.97488344254395,-22.48620804047686,-6.142949620535285,-31.758283072968172
2001-04-16,-36.46657322489727,-21.891920573915556,-6.368649186610181,-31.54065000186897
2001-04-17,-34.85930592454346,-20.045502914715826,-7.118942229957441,-30.49545723323133
2001-04-18,-36.46693705098071,-19.331858425520696,-6.231022740906129,-31.74681984151681
2001-04-19,-36.90779016176229,-19.06368397416343,-6.088106727488417,-33.942562999743934
2001-04-20,-38.26303078443763,-20.602820040732453,-7.669092117736519,-33.6403679654895
2001-04-21,-38.67957248583646,-20.246959889336765,-8.71849017862236,-32.92675923437037
2001-04-22,-38.73749811477409,-20.625189360412193,-10.319672551261249,-33.076640855993666
2001-04-23,-38.57876322818221,-20.851898117722243,-10.61518304119409,-34.03744229540578
2001-04-24,-39.5208233764039,-19.379822497763097,-11.385543617588489,-34.13966135215569
2001-04-25,-40.7654514283716,-19.13629391427044,-10.793817067345856,-33.69179766073593
2001-04-26,-41.080318583813984,-17.493816515868325,-12.26801909831223,-35.49170098098422
2001-04-27,-41.23503377715634,-17.159706714090955,-10.94725568385826,-34.55788896468756
2001-04-28,-40.816516073179116,-17.73738363294987,-10.179805292657367,-35.52712608767456
2001-04-29,-40.98405721205309,-17.875343398473465,-11.270570644327462,-35.09514688719161
2001-04-30,-41.17510777331323,-18.58451825530481,-11.763537674161528,-34.42390113850718
2001-05-01,-39.167786195122744,-19.5805924432061,-12.018430469754245,-32.99501121234077
2001-05-02,-39.06610511724227,-20.31875009276634,-12.32536598859501,-33.55436810214366
2001-05-03,-39.57539086036013,-18.897463230159907,-13.664423210897414,-31.49301383813808
2001-05-04,-38.7960461263888,-18.73093530929844,-14.565532594264006,-31.65439169132188
2001-05-05,-40.29450666808004,-18.05644469127286,-15.579424900540031,-30.921156067603544
2001-05-06,-38.810594648826815,-18.511312005597762,-16.42145236519062,-31.06436308287852
2001-05-07,-39.335964720394614,-19.128475800489607,-15.17965472606462,-30.769816256982768
2001-05-08,-39.5426408623772,-17.68500143345409,-15.921596711930622,-29.485520746066086
2001-05-09,-39.97713590307521,-18.2355647381376,-16.50985702792807,-29.583793602086175
2001-05-10,-39.47516737365106,-17.613479560642713,-15.972043362513714,-27.941901127497008
2001-05-11,-40.398075425241075,-17.790956067933926,-16.465841093369157,-28.024190122801244
2001-05-12,-39.79868570754486,-15.829681918121109,-16.995420851571534,-27.874743064085838
2001-05-13,-39.50533907249542,-14.797991697599953,-16.484806417074424,-28.898955560576326
2001-05-14,-40.12736044441705,-15.01778700157853,-17.406844707125902,-27.855310558942044
2001-05-15,-39.03739783288087,-13.374836894162465,-17.69141361143657,-29.240757821044074
2001-05-16,-39.29350559065111,-13.820097565553612,-19.005232592140167,-29.50233345989863
2001-05-17,-37.62729938109102,-13.864922917364533,-19.02170173698221,-29.808804814553316
2001-05-18,-37.83143417904236,-12.848964013473157,-21.29156255783005,-29.679880610742913
2001-05-19,-37.95426396412747,-10.947281022922898,-22.31533852282234,-28.487678424170586
2001-05-20,-38.93744984529884,-11.17528873468384,-21.673446077323046,-31.041260456486206
2001-05-21,-37.58525831542235,-11.468939391802797,-22.202188260813905,-31.13008700248004
2001-05-22,-37.03445126071699,-12.554752749771763,-20.395441840475048,-29.882225652678915
2001-05-23,-37.54894305651443,-12.550386342030425,-20.38700583919568,-30.393459077735066
2001-05-24,-36.390405335476814,-12.609465419478088,-21.330321083609547,-30.569526483977782
2001-05-25,-36.034780310822214,-10.494821861087702,-23.884185749661864,-31.954290112873984
2001-05-26,-37.41114722537323,-9.087614400882572,-22.43370385541577,-31.099405312025638
2001-05-27,-37.54666226227058,-10.044790017671865,-22.104232888820505,-31.82999167025421
2001-05-28,-36.41357343692427,-9.942605429859679,-22.85308068819532,-32.85957748091766
2001-05-29,-37.36624714058127,-9.810909120494793,-23.508169635585674,-34.620221310185805
2001-05-30,-38.233091150240654,-10.316935710131382,-22.382281246452674,-35.42869991299136
2001-05-31,-38.444726439585374,-10.631967540431736,-21.40081411181434,-35.00887040196987
2001-06-01,-38.74317131129853,-11.54666973052332,-23.40123345721795,-34.07241926133213
2001-06-02,-38.39717304900936,-12.232525464350868,-23.807159635099023,-34.84887112304526
2001-06-03,-38.49385691404309,-13.626400187547352,-27.267399206811447,-35.906174000967596
2001-06-04,-39.113992960977505,-13.887886208375292,-25.974484104716847,-35.53565327418323
2001-06-05,-38.25648106525527,-14.274782331646572,-25.941067580552833,-35.298873179040996
2001-06-06,-39.095702835884936,-13.907083359447292,-25.296147724724197,-35.4247916348099
2001-06-07,-40.745602893867925,-12.06793426298103,-24.871786240835856,-34.58494369959866
2001-06-08,-40.35361819502977,-12.322411745147182,-24.453219221414397,-33.26489605156346
2001-06-09,-41.05718140431346,-12.750444961366206,-25.49515423540142,-33.908132497186195
2001-06-10,-39.85279858034234,-12.364531390785675,-24.667410244921,-34.475589511522124
2001-06-11,-40.08947028056746,-12.97270106465405,-25.09318121967145,-35.06726041705377
2001-06-12,-40.548335479839935,-12.920871589603765,-25.219097637367557,-35.88305705206463
2001-06-13,-42.239973474429505,-12.569062917116122,-24.297345695267175,-36.273914799592944
2001-06-14,-41.26070477245413,-11.237640301550652,-25.08418078456029,-36.63583889262229
2001-06-15,-38.97346278876371,-12.225968532398412,-24.07597282991303,-36.25721271014244
2001-06-16,-36.65233067337349,-12.344838881239083,-25.214147741420593,-35.79802965615983
2001-06-17,-37.11956370943852,-13.175706056172844,-25.794586040170316,-34.648508298467476
2001-06-18,-36.64443334639363,-13.971626992573354,-26.408615140240286,-34.5927919106319
2001-06-19,-36.64465068687725,-13.897447539490125,-26.78920330468435,-34.67092484628749
2001-06-20,-36.08201530182578,-17.366600977775636,-27.598523364728376,-35.12976944047247
2001-06-21,-37.53358589330841,-19.197743947443264,-27.297167198495004,-36.41160970123461
2001-06-22,-36.19487638131101,-19.728169271970334,-28.47028615104267,-35.94541319191707
2001-06-23,-36.37253649796405,-19.4141178477222,-30.138599560629267,-36.40984421745055
2001-06-24,-36.77852319828355,-19.214027746874393,-29.80541875968199,-35.79005669368574
2001-06-25,-37.080885308457574,-18.73298129018642,-29.07291191123186,-35.44879333284696
2001-06-26,-36.29757746695997,-18.24500681455291,-28.051636585279567,-36.05442966050552
2001-06-27,-36.67171531291306,-18.28443141921966,-28.73187049876732,-36.138538868668995
2001-06-28,-35.30519107393447,-17.337432223625783,-27.382900092919908,-35.84755758096085
2001-06-29,-35.90223557708349,-16.400112845253787,-29.793277065127537,-37.3322145876671
2001-06-30,-36.13518107754298,-16.188473064726423,-28.745726136545013,-36.979143374408046
2001-07-01,-35.83721161957758,-16.08073712580056,-28.190991089933974,-37.753670039798486
2001-07-02,-35.666725015043646,-16.11744614059708,-28.03996439412753,-37.84528193922636
2001-07-03,-35.25849241808598,-16.51848038174337,-29.153042038917846,-35.44080388966114
2001-07-04,-36.82524702840124,-17.2451365825991,-29.939811161437756,-34.96757970877663
2001-07-05,-38.616428772576334,-15.740315978652125,-28.54278648178672,-35.71316334773902
2001-07-06,-38.69283693017092,-15.819412933056334,-28.142558888168118,-35.416305908015005
2001-07-07,-38.998807350048416,-17.014056739350146,-28.136784268179095,-34.626568316463015
2001-07-08,-39.7301031705511,-16.811427007831735,-28.16339835801664,-35.86091723170766
2001-07-09,-37.83353050431049,-15.21125550191858,-28.535521832918725,-35.28206587662787
2001-07-10,-40.07654272828391,-14.948599194030264,-29.723400450636927,-33.033917566548084
2001-07-11,-42.147715756463114,-11.88085549614876,-29.401905569637247,-32.62987980439798
2001-07-12,-41.10283061155824,-11.874222866885903,-29.58727923294943,-32.04311215786465
2001-07-13,-39.971143501177494,-12.691426478071907,-29.054353916891184,-32.88968921158678
2001-07-14,-40.00532505374363,-12.350528570422483,-28.80327798875806,-33.60562138677672
2001-07-15,-40.22858158633089,-11.900057929736699,-28.879992780959565,-34.71103375571621
2001-07-16,-39.24926676925389,-12.606753289303228,-30.06232006947831,-34.44755461078141
2001-07-17,-38.590793370698556,-11.657567701618808,-29.96624660842895,-34.37629154074495
2001-07-18,-38.11306846775624,-13.758651404745542,-30.575961728040657,-33.53423442533401
2001-07-19,-39.73849316163122,-14.04655562980113,-31.050279628505773,-35.24358943591778
2001-07-20,-39.7599889133169,-15.090731591257516,-33.035928456532844,-34.840617606431216
2001-07-21,-40.32819951886919,-17.126521832137943,-33.10030392448965,-33.61762276804927
2001-07-22,-41.0132387000467,-17.76516558292736,-33.20448674808855,-33.96755734695413
2001-07-23,-39.40543342350943,-18.80129059566952,-34.66491002362108,-35.65117136383276
2001-07-24,-40.27121586622214,-18.90563836714063,-34.31396413411817,-36.607066165931506
2001-07-25,-39.93527815841611,-19.27799587386816,-33.77515873116542,-38.1329956534801
2001-07-26,-39.62603768635487,-19.260296123205183,-35.13312698629758,-38.425980459854856
2001-07-27,-40.72215883286904,-19.799625749579544,-35.96894228006589,-38.73518032231853
2001-07-28,-39.84499516138687,-19.957492576853184,-35.67571642341166,-37.51028671983133
2001-07-29,-39.66764693679379,-18.96207894397283,-36.61059633333302,-35.416912914983904
2001-07-30,-40.85969863954009,-18.04336444006425,-38.41732721028601,-35.840388296399595
2001-07-31,-39.63139463123164,-18.704056784148232,-40.16862317217692,-34.98479004877385
2001-08-01,-39.40366178492555,-20.292404793020765,-39.520431397356504,-35.33422043530919
2001-08-02,-40.2432969501635,-21.15522514818157,-40.99831906537875,-34.91310322781195
2001-08-03,-38.89210809403504,-19.521921663916064,-40.933173485448755,-34.44904064814044
2001-08-04,-38.05693602748227,-18.754436228603016,-40.83737130281321,-33.77300285138855
2001-08-05,-39.05423861674972,-18.450182370180812,-39.44725523678344,-32.669113239780216
2001-08-06,-39.24471013867228,-19.85180259430781,-37.585046305999896,-30.587023697850423
2001-08-07,-38.91389162531143,-20.926432018802213,-38.52104080138835,-29.98854867436354
2001-08-08,-39.271514885201356,-20.418405240976753,-38.47125951061349,-31.110430723315964
2001-08-09,-39.91619332786014,-21.497811752776165,-38.604765740359674,-29.674714952415947
2001-08-10,-40.75851860446387,-21.454364818860675,-38.28120010079717,-29.147528672584652
2001-08-11,-40.92312836503749,-21.122062512973173,-37.03052487536403,-30.828729451651075
2001-08-12,-40.130216430396096,-21.19103490547917,-36.867673566783886,-29.277375740841492
2001-08-13,-40.09444345908966,-21.859936591526647,-37.41592676332814,-28.013876481135345
2001-08-14,-39.65530646309583,-23.445347089362773,-36.762195783930245,-27.757656036283745
2001-08-15,-39.321484611803086,-22.98031107465572,-36.10935263134326,-28.448563890314972
2001-08-16,-39.099641477043654,-21.75944472964279,-35.948639450209896,-26.94276853040044
2001-08-17,-38.410739069010404,-21.979626528901342,-36.483269262258595,-26.147181166828773
2001-08-18,-37.79393295500075,-21.84393107784845,-36.137157730682,-25.776066877765643
2001-08-19,-35.55015247643227,-21.943818631246376,-35.864334743309875,-27.383292982166612
2001-08-20,-37.242174917903434,-21.06896576925071,-36.64644397187009,-25.550063422799298
2001-08-21,-36.801841263893046,-21.15413497388434,-36.993175214328716,-26.224204776604495
2001-08-22,-38.18862543559465,-21.184037472607642,-35.66613452003974,-25.101336625837785
2001-08-23,-37.992264881152714,-20.559446388039177,-34.74385366917385,-23.937964362177816
2001-08-24,-37.368384223939614,-20.982388371163932,-36.51092374262295,-23.315410968655115
2001-08-25,-38.07021753262147,-20.86516988197857,-36.67999505942345,-24.379512097644156
2001-08-26,-38.2164322863322,-22.612196949976827,-37.18332638551949,-24.488941475475755
2001-08-27,-38.76285494542264,-22.61281503555668,-36.4777408566437,-24.935694482779873
2001-08-28,-39.211094213205385,-21.779499809568684,-36.349630204723596,-26.116814866441032
2001-08-29,-39.29335053657585,-21.82853468757764,-37.519182808189214,-25.66185300802531
2001-08-30,-38.225918798347124,-21.411204226270947,-37.722174583388366,-26.728558759331204
2001-08-31,-37.79808248398985,-18.989912709045292,-38.43276154523452,-26.126186070798603
2001-09-01,-37.893118577724984,-19.465057846762235,-37.94376976313445,-25.97311272460232
2001-09-02,-36.933103293788726,-20.246706249275093,-39.01091674684671,-24.540058146678067
2001-09-03,-37.14444711946463,-19.678621173421565,-38.66838222642656,-22.291152530124478
2001-09-04,-38.59064979660946,-19.60256623014368,-39.61839124585804,-24.089226075442262
2001-09-05,-37.95857101440092,-20.865376515970702,-39.07495634284255,-24.275219872863186
2001-09-06,-36.03624639976972,-21.046975027963427,-38.541113196345115,-24.735367381170626
2001-09-07,-35.76836441834828,-20.65107137354141,-39.45573203361382,-25.182835155053063
2001-09-08,-37.70493400920095,-20.735203069273737,-39.87385997222493,-24.33536643348654
2001-09-09,-36.76354426003082,-21.135160339705592,-41.37998554330122,-23.848741894027086
2001-09-10,-34.26366205463964,-19.562001882829897,-41.83102309485244,-23.51662822359057
2001-09-11,-34.18236798875605,-20.379894069291794,-42.886266110151254,-23.957122210465243
2001-09-12,-33.31085627235467,-20.496625262948825,-43.74038849103163,-22.886905317621288
2001-09-13,-32.76683158645061,-20.580997260760487,-43.46578825195991,-22.529705092656666
2001-09-14,-33.02959654789216,-20.663830575854405,-43.33508566679391,-24.09991628601757
2001-09-15,-32.90422346169914,-21.684939166329304,-43.99279400923517,-24.27701293947756
2001-09-16,-30.411352490601892,-20.267775658721195,-45.11673731588183,-24.115832583923
2001-09-17,-31.238273906819966,-19.577584230547306,-44.95345554962979,-24.511043201829793
2001-09-18,-31.418168161176695,-18.960630229636855,-45.890290025020626,-22.58136006318755
2001-09-19,-29.485524609855663,-17.1784842350801,-47.52365942347739,-22.46015427430969
2001-09-20,-28.41113233373682,-16.010599361391343,-47.61048950204098,-21.97107511920303
2001-09-21,-28.183973170083284,-15.211677717127916,-48.6771627969427,-21.458524054722297
2001-09-22,-29.43297531867118,-13.260901882270884,-49.648782423044935,-20.611363383686957
2001-09-23,-29.739843719134928,-13.93990500123768,-50.19527562799585,-19.64725829831655
2001-09-24,-30.095717278498466,-13.793903364123384,-48.38237568119265,-19.83674865282229
2001-09-25,-29.456282986816113,-13.396444051539188,-50.028767708757584,-19.788047875220176
2001-09-26,-30.33363570641448,-12.885374343944136,-51.094939417408135,-20.65332957096622
2001-09-27,-29.861454955428844,-13.409985476782342,-51.725083653984065,-20.811957168466144
2001-09-28,-32.66603650406793,-13.82595336933825,-51.603501381384696,-21.738049654625335
2001-09-29,-32.306887571525834,-12.69987050074004,-51.31458984772619,-20.68719373045768
2001-09-30,-32.91579855475493,-12.77061831730132,-51.740498418776994,-19.605832206199057
2001-10-01,-33.96667966957488,-13.335942051865354,-52.95040769750718,-20.42207757781806
2001-10-02,-34.243768883264416,-13.643330746023581,-52.3884098067932,-20.8809918143893
2001-10-03,-34.60417848342376,-13.192084196439694,-51.42986078770834,-18.93083371635524
2001-10-04,-34.732688529184095,-14.3778389199453,-50.650945956552604,-18.89967474794938
2001-10-05,-37.30313514596674,-15.776858547925933,-49.55939378060163,-19.076235351862437
2001-10-06,-36.767336912760754,-15.493710452489736,-48.680702271356196,-18.92244043435734
2001-10-07,-36.75629166687475,-14.874976880746148,-48.878201365275075,-18.871923383171932
2001-10-08,-36.673823849524275,-15.383988085506342,-49.25206923897707,-17.803411741665276
2001-10-09,-35.741492853323145,-14.836837742204763,-50.75278759573718,-17.84619696629793
2001-10-10,-35.40453113258197,-16.68770843698392,-49.27145434342904,-16.3409234302153
2001-10-11,-33.45125532537217,-18.05286528540035,-48.86044886218583,-15.259361650274757
2001-10-12,-35.02520527224916,-18.75370825434619,-50.9140042945558,-14.808478117861327
2001-10-13,-35.32959706215117,-19.290906844786765,-50.463954918556986,-13.61717359016061
2001-10-14,-36.40856697312746,-17.787762499804334,-49.26417365229812,-13.808495682864887
2001-10-15,-36.75943637414354,-17.662339529756988,-49.61651777966815,-14.294528896182792
2001-10-16,-37.558068582516654,-18.021488531052523,-48.435212902790994,-14.043784695123053
2001-10-17,-37.018759899153366,-17.827495390348595,-47.56698850454797,-12.95999988537809
2001-10-18,-37.36205260035905,-17.45362064710444,-47.94172014774558,-12.262900195311946
2001-10-19,-36.78333048867557,-17.69390734632399,-45.274783082449126,-13.28843210635742
2001-10-20,-37.53452820524281,-17.14092602023982,-46.1431520482972,-13.496382112699273
2001-10-21,-36.89914017337922,-18.32838256606745,-43.9903010603061,-15.097066896886044
2001-10-22,-37.30733898214819,-16.64419100650158,-44.82724208722767,-16.189435056156633
2001-10-23,-36.86350681852828,-18.023954496617122,-45.03613127101937,-16.510141187097094
2001-10-24,-36.58696117213727,-18.34263252246613,-44.63440451386366,-19.263880209723446
2001-10-25,-37.49068199057921,-18.98366095674497,-44.734193270067706,-17.677434266930717
2001-10-26,-38.58774400818495,-17.99732404859805,-44.126432379044715,-17.39077886766978
2001-10-27,-40.92126977632907,-18.50512716741214,-43.98310968441699,-17.96241915959604
2001-10-28,-39.564748317406824,-17.731328856000776,-43.80005729454238,-17.30773266444082
2001-10-29,-39.371603030373514,-15.545602371001115,-44.520455808499015,-17.956405102301026
2001-10-30,-37.2973123253395,-15.601392558520182,-44.60675410069928,-18.671979927806394
2001-10-31,-36.270563359449085,-16.026080113172462,-45.27255563314261,-19.216932677245005
2001-11-01,-35.69360449056383,-17.16088829469221,-44.819600238965606,-18.813648371256498
2001-11-02,-36.51190384222201,-17.379099494024103,-45.04340729037272,-18.64638288815662
2001-11-03,-36.91038959930437,-16.327907431107803,-45.76180882065132,-17.492733424684076
2001-11-04,-37.89673753067952,-16.236377318910183,-45.07358400844479,-17.472661656350045
2001-11-05,-37.55182889714454,-15.879698626178579,-45.725417445264036,-18.208963485922215
2001-11-06,-37.308078862092835,-15.681491145006289,-45.99195248399569,-17.870811766260623
2001-11-07,-35.934806681329974,-15.565476584390655,-45.23043489150948,-19.378227018070913
2001-11-08,-35.53941420642163,-15.25323620259709,-44.970686839640436,-21.018843400840385
2001-11-09,-35.29334497168801,-15.484162875586657,-45.00145158109531,-22.15241864246112
2001-11-10,-35.28058460329681,-14.875874729063499,-43.39498628237668,-23.41503359415138
2001-11-11,-34.15931874754778,-14.211778193276755,-42.792232401253585,-23.284181119003833
2001-11-12,-33.99740873240822,-12.936912510715299,-43.25513266742283,-23.17645847161415
2001-11-13,-32.96763403659533,-11.838295207972841,-42.56359591799815,-23.63998009084133
2001-11-14,-32.56178845352796,-11.487037383742575,-42.374532347245456,-23.955140929179816
2001-11-15,-32.386563488166146,-11.332915632137766,-41.212059322840304,-23.18642972626896
2001-11-16,-32.6586669972878,-12.401258609313814,-41.44898705245368,-25.042812421228636
2001-11-17,-33.15253907066295,-11.642147897547863,-42.405400439255224,-24.95586440112747
2001-11-18,-34.36753808403479,-12.60310777111423,-41.620819019324514,-25.361758514742462
2001-11-19,-33.718068336891704,-13.134070069188784,-42.018276651219836,-24.63832193589949
2001-11-20,-34.09143739288928,-14.140500247760324,-41.27971457830769,-23.087127596904963
2001-11-21,-35.073932100117446,-14.292823861605859,-41.10766357841821,-20.838195961715027
2001-11-22,-35.16977619964877,-13.924289191209137,-40.71773309937936,-22.5400482401081
2001-11-23,-33.98111851100836,-13.728701397555822,-39.969909283757204,-23.663868006042396
2001-11-24,-33.71413641660789,-12.912874450506125,-38.69374302302417,-23.550092083949234
2001-11-25,-33.28746642542476,-12.422561728297234,-38.506111201850615,-23.92687175236775
2001-11-26,-33.81736119974391,-13.691727832920323,-36.94092345265388,-23.91380961748125
2001-11-27,-34.52945268047483,-13.45367028632653,-35.63766816125259,-24.684406335639807
2001-11-28,-33.71450787211816,-14.29051896537539,-35.78479027572311,-23.116147263178274
2001-11-29,-34.765854567542384,-12.40950061631932,-34.842773870002915,-21.657818874928775
2001-11-30,-36.988596201070806,-12.338889201504713,-34.94994632125411,-20.998364912376946
2001-12-01,-36.99742256414031,-13.355156636225262,-35.46150730268617,-20.850915156467263
2001-12-02,-39.68194300573992,-14.970396319383438,-36.360830452483334,-21.993884127149492
2001-12-03,-40.06259257898924,-16.56868709185206,-37.69591350739894,-24.132080780053514
2001-12-04,-38.77329418976897,-16.282325148496348,-37.15515477464499,-24.99822960398839
2001-12-05,-37.58508972769501,-15.278855399128664,-38.526226963291684,-25.153131081036584
2001-12-06,-37.85725615574092,-15.482496849252076,-38.86191176970979,-25.582488101539393
2001-12-07,-39.50787392781746,-16.25074317689683,-38.569151321089905,-25.3226737121925
2001-12-08,-40.869812715401906,-18.689720453065465,-40.42476611253657,-25.487318752822528
2001-12-09,-42.39877617289641,-19.362795627975423,-42.03993199978191,-24.741714485275608
2001-12-10,-43.51021689240479,-18.77865505870891,-43.17971735346274,-23.409349675285522
2001-12-11,-45.471007950192735,-19.967010659431292,-45.0770318718038,-22.924004700042307
2001-12-12,-45.6459056928128,-21.03654598031405,-44.76774570674698,-22.858651188991175
2001-12-13,-44.52488340828022,-20.27801547284472,-43.622432405973555,-21.805752197130403
2001-12-14,-44.13098597498677,-21.40110267568542,-44.955798750088334,-24.5238168528425
2001-12-15,-44.70086690276259,-21.47093494356427,-47.555670767896984,-26.19626821663604
2001-12-16,-43.99975662455788,-21.32158109715567,-46.99244097617761,-27.83876476314812
2001-12-17,-43.84249858931144,-21.96285864819924,-46.77113911214518,-25.67763931265883
2001-12-18,-43.025292381944155,-21.25797720555911,-46.15473813728265,-23.78746806121009
2001-12-19,-42.33028898900815,-21.79004343863549,-45.3363409425048,-23.905026054904692
2001-12-20,-45.023610703817496,-22.593894093567098,-47.55541415953317,-25.073433601903293
2001-12-21,-44.44082972618217,-22.9654173996105,-46.8526070177609,-24.08047022754236
2001-12-22,-45.071183306902824,-24.026655358165563,-47.086624959538355,-23.397397748691027
2001-12-23,-45.2221436189206,-24.546532127842493,-46.44793811438835,-23.43550103913839
2001-12-24,-46.207968704891144,-22.594880319322222,-47.83111023213407,-23.886884105728882
2001-12-25,-45.57187768215826,-23.05313363435478,-47.94830999245555,-25.324745773794554
2001-12-26,-45.08379298953965,-22.634631636886112,-47.73222097247029,-25.87219756905605
2001-12-27,-45.66788833704549,-24.400410846538907,-46.70151624512153,-28.338362868214013
2001-12-28,-47.353400145208,-25.10629515280896,-45.74854068457996,-26.721405251216776
2001-12-29,-47.13791495024774,-22.376724027389365,-47.21997416166631,-26.744660745060767
2001-12-30,-47.142802459578014,-19.269557490880327,-49.23361064467666,-27.00475193354177
2001-12-31,-46.81116866093264,-19.069702232518416,-49.46026254352544,-25.635720712537246
2002-01-01,-49.2140743442111,-17.207612242227782,-50.09586473648681,-23.672704026595937
2002-01-02,-49.32431157311285,-18.799244808895505,-50.77055708795569,-23.407654965316205
2002-01-03,-49.89818697380963,-19.53174094364571,-49.65633787640961,-24.470059604604053
2002-01-04,-48.12382439426082,-18.74451238985526,-47.33899687098258,-23.03769465369095
2002-01-05,-48.07625439815693,-20.17268028994562,-47.69893061115213,-22.263367646713206
2002-01-06,-48.00043843772852,-17.846068810369548,-47.58230271671507,-21.89015052999336
2002-01-07,-49.08063589024181,-18.713228897316743,-46.90145062578072,-22.296015183356715
2002-01-08,-48.892750369968155,-18.500570026780686,-48.88167289774799,-21.122189146270507
2002-01-09,-49.5335495409507,-19.3543945871673,-48.963971428908316,-21.182876251869086
2002-01-10,-48.70542532198109,-19.903424608122464,-48.48570507596912,-22.509051086807016
2002-01-11,-47.17587510702265,-21.04864878724223,-47.53771495741119,-21.90942167625653
2002-01-12,-46.51324912458319,-20.068338600710163,-47.37149500199408,-20.489037919959532
2002-01-13,-48.103244277695374,-21.48460224828455,-46.34692814883539,-21.430894790240608
2002-01-14,-48.37233814846154,-20.262075442661633,-46.06030735927504,-21.17063640423652
2002-01-15,-48.62425103682834,-19.014034543641614,-47.02083947843746,-21.84515566954526
2002-01-16,-48.16757772684482,-18.252428808094496,-47.368347445377914,-22.747662009630044
2002-01-17,-46.69155822745837,-17.93498960209077,-46.88331311465283,-22.431424024779748
2002-01-18,-48.02404041298623,-19.541696693527207,-46.93763567897876,-23.226427614101844
2002-01-19,-48.784395154527715,-20.365845105654255,-47.57460397110613,-22.9770953821563
2002-01-20,-47.49782331010637,-21.805116469573036,-47.40839278498943,-22.95264781382366
2002-01-21,-45.03916468943314,-21.680277529507627,-49.21579276917205,-23.371835236415926
2002-01-22,-44.69017594086986,-21.081919149363934,-49.89012110764453,-25.138905071504645
2002-01-23,-44.50969723521855,-19.595162874680565,-49.164087422743236,-25.530436120305183
2002-01-24,-44.41280026503253,-17.925643905110743,-48.004716554098934,-25.428057891348875
2002-01-25,-44.44777949481189,-18.44100663968992,-47.955135777233096,-26.390853216336712
2002-01-26,-45.75041361451982,-18.342593554208072,-46.30605965669975,-24.49561588472161
2002-01-27,-45.3231621946759,-17.27417675284484,-45.494319008133765,-25.089134230919527
2002-01-28,-45.28550084975429,-14.574132325660088,-44.45392010228039,-24.867847128732468
2002-01-29,-44.33188409009031,-14.22146306349544,-44.603190045521,-25.891569677149445
2002-01-30,-44.21178669092495,-13.990887237582081,-43.93165564463281,-23.657215077769173
2002-01-31,-43.48835099909869,-13.729970412919354,-42.87878480904512,-23.509575081775843
2002-02-01,-43.94555398889318,-13.024094016653532,-41.977833769109075,-20.817955418800796
2002-02-02,-44.15547896982677,-14.305695053824234,-42.298979364840555,-20.803180178558563
2002-02-03,-43.30750099648418,-16.17957285808572,-41.188748108945205,-20.837292974405155
2002-02-04,-43.7655594037372,-16.67212115625067,-42.04855620115022,-20.508315141368325
2002-02-05,-41.92732889203352,-16.6800094566036,-41.36210169432854,-20.557178250052154
2002-02-06,-41.21273474573709,-15.613882106368191,-41.179681981859275,-19.393739132025583
2002-02-07,-39.97821412572013,-14.595657100930735,-41.66233188748755,-19.837219129304913
2002-02-08,-40.12771420488983,-14.067991137664475,-41.60704677704491,-18.512298173967366
2002-02-09,-40.3735448549566,-14.374867260169667,-41.51115831166351,-17.295532529647346
2002-02-10,-43.2705566138905,-13.926696758099459,-40.35195937880724,-17.812102944428684
2002-02-11,-42.47093215746415,-12.101448951474099,-41.4762652744009,-16.719353990467376
2002-02-12,-41.92535391581409,-13.23703754125881,-42.341465869465374,-18.35165173792893
2002-02-13,-43.33740006998041,-14.352033138476408,-41.70932406669929,-18.082896950046763
2002-02-14,-42.50441369633417,-14.469851097432398,-42.526891811403246,-16.803195185266762
2002-02-15,-41.664061878271895,-15.215746584645704,-42.35550491630999,-17.33633341141835
2002-02-16,-41.98320453405853,-14.310473189843021,-42.47683633303406,-15.966463187133419
2002-02-17,-42.112468703682936,-14.74321813729067,-41.4633987235311,-16.356564281143935
2002-02-18,-42.521018017270684,-14.87215347060226,-42.52133932348133,-15.654786916530806
2002-02-19,-41.4212965685151,-13.517993804991198,-42.513099234653374,-14.324144016716371
2002-02-20,-42.37399167647105,-14.814414318831515,-41.721515303435716,-13.82666052404554
2002-02-21,-44.01574868399226,-15.4927608724439,-41.95392487887669,-13.006086953477809
2002-02-22,-42.85493780862001,-15.487134080861782,-42.60909467227858,-13.17914440786173
2002-02-23,-41.47220881858635,-14.284387471103853,-42.04317128380944,-12.96177660191822
2002-02-24,-42.97348463306004,-13.106723710072066,-41.64392823449892,-13.94075288212232
2002-02-25,-43.9508426636145,-14.254191288179008,-41.96729568989739,-13.528133770248212
2002-02-26,-42.547497451925594,-13.331275175744015,-43.81317714036586,-12.806754124944826
2002-02-27,-42.708971930892154,-13.910885980001543,-44.97503049714153,-12.40431854687468
2002-02-28,-41.34784464399899,-13.197004440253393,-44.02187664347627,-11.820077185476546
2002-03-01,-41.91186532697895,-12.636833323361003,-45.39044562847536,-14.056950638663714
2002-03-02,-42.826094553736475,-12.758531989450633,-44.108705172787246,-13.972718203432825
2002-03-03,-42.3200937247693,-12.65099685517918,-44.06125854547391,-14.96002520517156
2002-03-04,-42.526863995325705,-12.988182094654661,-43.334259804145645,-14.719632263390851
2002-03-05,-42.60171409085346,-11.715695998583577,-43.19602486504334,-15.00822631166987
2002-03-06,-40.96942643780961,-10.376626934548534,-43.55857083306128,-14.524228030258069
2002-03-07,-42.272713554755576,-10.246406276562988,-42.9915124789419,-12.706654328910679
2002-03-08,-43.35253661338141,-11.511042562507953,-43.31454576048441,-14.429861021642534
2002-03-09,-42.53238394388318,-9.599784178195009,-43.828213498046374,-14.33491694338099
2002-03-10,-44.22390240185553,-9.91988018988575,-44.91618682297199,-11.996845210870905
2002-03-11,-43.22735282911826,-10.809237584975724,-43.295582853402706,-12.323421418943328
2002-03-12,-44.286629369716934,-11.029698602050644,-43.40343048943882,-13.881846307774891
2002-03-13,-43.99370040437381,-10.89889557666821,-44.61850818773067,-13.100900820674148
2002-03-14,-44.85031693481024,-11.303980532638288,-45.69216353892943,-13.509790995154125
2002-03-15,-45.9914313123212,-11.362841110310427,-44.235556044034176,-13.585536432557163
2002-03-16,-45.15684768420668,-10.01427689921667,-45.106966031128664,-12.99276585781681
2002-03-17,-45.74346674941255,-10.251074458375722,-44.48638645225376,-13.326921421936893
2002-03-18,-45.23065805499605,-11.05901908275523,-43.698116510104235,-13.663392790101724
2002-03-19,-45.10610596372501,-12.012142238093357,-44.28893612180843,-12.54363573838917
2002-03-20,-44.51969105709638,-11.815405679036575,-45.57132098591877,-12.983529083115048
2002-03-21,-42.54398393516027,-13.119756033659563,-44.884518416168866,-11.301398265742481
2002-03-22,-43.307282234024456,-13.923372458507963,-43.69253404437622,-11.28978927875402
2002-03-23,-42.09281574412083,-13.505708631956512,-43.35662458279832,-11.889627845047771
2002-03-24,-42.37159752842909,-12.289170637318847,-44.4944009184316,-11.331918358750722
2002-03-25,-40.37475399871787,-13.182615715832021,-44.41798843301824,-9.003022793326926
2002-03-26,-41.11331379195204,-12.569510114432095,-43.65755720873401,-9.941027290338443
2002-03-27,-40.083428208077976,-12.704290488790695,-44.19044155015844,-10.712439633264665
2002-03-28,-41.56393822637406,-12.82295236080868,-43.420595251802254,-11.91297316315465
2002-03-29,-40.16751967351844,-13.425216416717166,-41.635399909104386,-11.992529843662888
2002-03-30,-40.146308552668884,-12.341993775394576,-40.975779436947455,-12.140268929566837
2002-03-31,-41.06619427531933,-11.351591817602264,-40.72778105519537,-12.247009097307647
2002-04-01,-40.84448823358912,-10.91014729620294,-41.1826995548067,-12.681936158885152
2002-04-02,-40.698858858397415,-9.697511838679706,-41.01585543790077,-14.170085128473072
2002-04-03,-41.35801505206607,-8.58157504486995,-41.18418825388454,-14.55366093064601
2002-04-04,-41.056529326963684,-7.960658054122348,-41.586778517024946,-13.778398593973225
2002-04-05,-41.86194783238605,-7.18659772639009,-41.81438994465295,-14.892974380512445
2002-04-06,-41.9184094759757,-8.684114981993707,-39.60860943210768,-15.53607704859176
2002-04-07,-40.013049517618484,-8.336885011962165,-40.06024493675341,-16.39354653432439
2002-04-08,-39.70969728616399,-8.577236056725953,-39.80792364421713,-16.742797379321537
2002-04-09,-37.90101356504725,-8.631797636177264,-40.13399144243295,-18.320310152272025
2002-04-10,-37.280102247633515,-9.505528896146414,-43.15784162314543,-20.510107075632266
2002-04-11,-37.07360352747547,-9.646674689999353,-41.590737931802906,-20.39386347134322
2002-04-12,-37.094102309214804,-8.553501709979013,-41.195612120127805,-21.760301899157724
2002-04-13,-36.70499244945924,-8.021592172078304,-40.865387043444244,-22.730102722213722
2002-04-14,-38.077566239635075,-8.36921245550946,-42.16360543607066,-23.350408780810046
2002-04-15,-36.60823868585332,-9.061602485415529,-40.93493528380932,-22.69788927666508
2002-04-16,-35.39561946102106,-7.194063519238363,-40.07516948653115,-21.445779963817152
2002-04-17,-36.64244432318805,-6.040288018368393,-40.841239091403274,-21.6219194462439
2002-04-18,-36.809542864548746,-5.0753732680860875,-41.77281888345295,-20.797030602017415
2002-04-19,-37.84607836855688,-5.339077135006801,-40.63297227767501,-19.736333176528042
2002-04-20,-38.30578451636025,-5.236471800675074,-40.53383572962866,-19.435979271981033
2002-04-21,-40.335925879173054,-3.866162735089752,-40.53715802149504,-19.59067186564686
2002-04-22,-41.42104680360022,-3.581097139719829,-42.51198965960042,-21.2582651430574
2002-04-23,-39.69570972108127,-3.888024737862607,-42.256367250984496,-20.99980986515054
2002-04-24,-40.01264839622434,-3.412115632941675,-42.00098580727965,-22.521131350560477
2002-04-25,-40.099236587142045,-3.0147967238393085,-42.25819304933767,-22.1289126615323
2002-04-26,-38.47642347456392,-3.3383087119468313,-41.60593221168801,-22.628423670873165
2002-04-27,-39.61992145222706,-4.182258875415324,-42.440497950722204,-21.166247828292278
2002-04-28,-40.956417794120675,-3.2012220326431726,-42.02325871534219,-22.327083467295612
2002-04-29,-40.61254855517562,-2.3575136054189603,-42.942693927102084,-22.582115538517744
2002-04-30,-41.32066925812123,-2.038698825655862,-42.372313304122166,-21.099007931494594
2002-05-01,-42.52260892424422,-1.054952687209965,-43.279771360387585,-20.092244637101054
2002-05-02,-43.217053229883646,-2.2485290802799396,-44.05646256962543,-18.79115071324942
2002-05-03,-43.94251473780426,-2.766844586425633,-42.4764786496534,-18.274881955467055
2002-05-04,-43.00083498407104,-1.455429453664637,-41.97149929036068,-17.949533109935157
2002-05-05,-42.46220203877228,-3.5307455531884466,-41.55166443701247,-16.708242701788773
2002-05-06,-41.680318908704606,-3.257741975357263,-40.670540754867595,-16.498853292510173
2002-05-07,-42.164779845807935,-2.76082902465048,-39.86323875231706,-17.729952414578925
2002-05-08,-42.40266493846338,-2.116035440665664,-40.35742044966846,-17.079081650440415
2002-05-09,-40.942745191848985,-2.498377124661442,-39.728905104684145,-18.739853753374657
2002-05-10,-39.745354019896446,-1.1162883081529322,-39.16376338330426,-20.712253795168866
2002-05-11,-39.8002800741013,-0.7600589024533804,-39.08283175417863,-20.368257641414257
2002-05-12,-40.38053483947158,-0.9325216649452672,-37.64642648909938,-22.072904768485962
2002-05-13,-40.82664356740283,-1.0171499928304522,-37.84342833518566,-22.559368692135056
2002-05-14,-40.481233039173965,-1.478736243889141,-38.13876702934399,-23.875356220696805
2002-05-15,-39.61424956634998,-0.46805102463354964,-35.749292823241525,-24.20831098885821
2002-05-16,-40.28634123505007,1.413056691558034,-35.721578451959985,-23.43867764936528
2002-05-17,-39.811196412037475,2.945117608333998,-34.99749027934256,-23.2404475185048
2002-05-18,-38.30210178973355,1.0595109535437743,-34.52649832906877,-21.070128148376188
2002-05-19,-39.52218891582042,0.4565208808814042,-33.527490400363725,-20.512779823226282
2002-05-20,-39.219454104788596,0.593709084953959,-32.047816940542454,-20.26865320636823
2002-05-21,-39.41207460297631,1.6990869257647088,-32.22386403835666,-19.24121878264223
2002-05-22,-38.871606408421734,1.1162378565615232,-32.81809946629334,-18.705517195136814
2002-05-23,-38.58182011228827,-1.4321384090024598,-30.63904907891792,-16.939772085354544
2002-05-24,-37.829915697848,-1.4444712661509722,-29.602674938353715,-17.227771146129616
2002-05-25,-37.46078643270273,-2.015386044816437,-28.630698151458173,-16.452162996116012
2002-05-26,-36.880277978501375,-2.0082131581987035,-27.351372490400276,-14.141381966101722
2002-05-27,-37.25884690860819,-3.4517495235498155,-25.87158227260435,-14.33847374223534
2002-05-28,-37.56754334592824,-3.026353575326332,-26.782566269422045,-14.170614850580952
2002-05-29,-38.04896662121318,-4.008772599422061,-27.222366448474627,-14.556871250777254
2002-05-30,-37.625882285399356,-5.7978488541427025,-27.14038564816476,-15.50675359339225
2002-05-31,-37.907688344633264,-7.726617651015541,-26.422398468621367,-13.859770155777273
2002-06-01,-38.049909163677796,-9.539613472583868,-24.505497078730837,-14.304696339572606
2002-06-02,-36.83118182792469,-8.561906133062573,-25.793442176088952,-14.456296735907005
2002-06-03,-37.25751928570763,-6.427757578662742,-26.327642184795597,-14.88931440967829
2002-06-04,-37.10529578506636,-6.959912609167526,-26.423100145775738,-15.124298760341102
2002-06-05,-37.16625586638065,-5.873763224140445,-25.489249887525467,-15.272848544750078
2002-06-06,-37.1607795982126,-7.602452158156353,-26.22179498810758,-15.871876323194558
2002-06-07,-37.0179507879294,-8.051834955942475,-26.105967599273797,-16.99897984696021
2002-06-08,-36.67245435787507,-7.471773396048786,-25.46994637183529,-15.708621873539698
2002-06-09,-36.22405489982161,-8.012128363109863,-26.105129331507726,-15.231115612869088
2002-06-10,-35.35162164308465,-9.789663445905369,-26.480403643972533,-14.217556175618677
2002-06-11,-34.55122787368889,-10.751863364030088,-26.50449563496281,-13.770684827388813
2002-06-12,-34.4116127119685,-12.415444022779951,-25.33317398645297,-12.991291849121765
2002-06-13,-34.54390020468348,-12.921497051186854,-26.607371118995125,-13.909993518321171
2002-06-14,-33.017513873324994,-13.66090146617531,-25.235145244459854,-13.83192811440178
2002-06-15,-31.93584197341899,-13.402013316810015,-25.741062887883103,-14.266639264641437
2002-06-16,-31.731102789723227,-16.09873714356796,-26.19956724855569,-14.729571614411224
2002-06-17,-33.74618509161284,-16.56566343740732,-26.312339074329888,-16.101938981499302
2002-06-18,-33.875977888810276,-15.924338364703807,-25.04353880504856,-15.777581726180191
2002-06-19,-35.309422031717986,-15.444207148920952,-24.823077758725525,-15.589648149214138
2002-06-20,-37.45586239061475,-14.574807239722835,-24.3367791334615,-15.551965941798318
2002-06-21,-37.23187908355802,-15.059041432822056,-24.118152032104614,-15.10475393970849
2002-06-22,-35.8889544604785,-16.198642693099295,-24.858692015446135,-15.490724006113537
2002-06-23,-34.746990392556846,-16.236434040221905,-24.353480721728,-17.3281322794071
2002-06-24,-35.09115190325816,-16.263422833924984,-23.876586139283372,-16.243522846489284
2002-06-25,-35.38682484894732,-16.082297901732467,-26.692867963387194,-15.979262149622441
2002-06-26,-35.56442882609584,-14.021219655591599,-26.26160270766028,-15.746773638515009
2002-06-27,-36.10224612771707,-15.151275544146081,-27.926906981584168,-16.88423931867247
2002-06-28,-36.86917552687868,-14.576517066004307,-28.44803471552869,-15.5113465194975
2002-06-29,-37.9914605509201,-14.689222791916926,-27.754603380544665,-15.366457866586517
2002-06-30,-38.35778151250325,-16.24749757369726,-26.970228327243763,-15.927335003253983
2002-07-01,-38.36875310623001,-17.08831221823466,-27.581895614615654,-15.677745077806495
2002-07-02,-39.15889763180844,-18.89412818527428,-26.936129519845903,-15.321583995334885
2002-07-03,-39.72419532276845,-21.444439895174334,-27.030537363525827,-15.171719751916928
2002-07-04,-39.82373945413392,-20.978783214840124,-27.657736353663378,-16.098925493536335
2002-07-05,-41.62450396025332,-20.77711061156447,-26.95893111397042,-15.757306212453791
2002-07-06,-41.458139547824416,-20.31363150755688,-26.648313738311572,-14.721227140527517
2002-07-07,-40.87686359049986,-18.50455070764383,-25.597980985457365,-15.116642396115548
2002-07-08,-41.75608571961913,-17.660211654019477,-26.118249055781483,-15.16510289163261
2002-07-09,-41.51843747176845,-17.321424006628423,-25.92729409985615,-16.697651138436306
2002-07-10,-39.61024389783168,-17.604588136497018,-24.871357442856457,-17.541825650739376
2002-07-11,-39.76904104832053,-18.685445403644053,-24.311801720534127,-19.23775649843407
2002-07-12,-40.62541307759811,-18.726569019123357,-22.964216791094113,-20.351946775320997
2002-07-13,-40.04142843544816,-19.80715539493119,-24.623813262935244,-21.228083263881494
2002-07-14,-40.769829690339634,-19.50143443404943,-25.223408928014905,-20.94176424537223
2002-07-15,-42.29113263836559,-19.92645908082482,-25.56776770967659,-20.743568003576613
2002-07-16,-42.35402039232777,-19.874647556141515,-25.41443255856684,-19.64518700434275
2002-07-17,-43.36570231815613,-20.192914320901963,-25.959095029203127,-20.479935882776225
2002-07-18,-43.776781458782295,-20.21651404939484,-24.97014164717038,-20.464263739290615
2002-07-19,-43.50047486975534,-22.10822626953892,-25.02253553122488,-19.714676017368387
2002-07-20,-42.11781090807131,-21.06784537298858,-24.35182743509704,-19.388697347017168
2002-07-21,-41.42466727083786,-22.17670251657261,-23.37572033325049,-19.741520828267152
2002-07-22,-39.807047984931415,-20.931066034314803,-21.591447422171477,-21.726018810490825
2002-07-23,-40.184435426132005,-20.29367849583126,-21.844672783657884,-21.11506495914546
2002-07-24,-40.69025396287258,-19.523743137782887,-21.647409526100674,-22.486994542016085
2002-07-25,-40.6949650328126,-19.89057064385959,-19.39946938794248,-23.17303416897007
2002-07-26,-39.04226288565718,-18.111238334073736,-21.72665595948962,-22.487974187549348
2002-07-27,-38.65966947766063,-16.869332226731036,-20.982676000169896,-22.90367843567098
2002-07-28,-38.17695879570196,-16.578127798299274,-20.43759953375113,-23.114127637313526
2002-07-29,-37.44651143299021,-16.709635017865644,-22.23775522615199,-21.898743204908012
2002-07-30,-37.036368855554606,-16.40765041080071,-22.978870085795283,-21.111743622605104
2002-07-31,-36.836944173001775,-18.676045079695026,-22.39861703804268,-22.689449783194267
2002-08-01,-37.34622740172468,-17.524248013663566,-22.407111650244204,-20.71931861108261
2002-08-02,-35.91868617506732,-17.14426485573252,-23.810442716912362,-19.224846889567942
2002-08-03,-37.64553821464572,-15.343325522095613,-24.052615476142424,-19.256981209185927
2002-08-04,-37.83771554597113,-15.75738135034013,-24.307172957723953,-19.131281686835578
2002-08-05,-36.10741739882757,-14.984010688634388,-23.699134936767976,-18.558495167071065
2002-08-06,-35.03857166225229,-13.778391824708795,-23.85942370463099,-19.29706079220574
2002-08-07,-35.2100639427664,-12.203172796488937,-23.771946089534175,-17.949119177122675
2002-08-08,-36.2395508158643,-9.701351914659888,-25.138198969199877,-18.08926432936871
2002-08-09,-35.113586623825626,-9.81170181023081,-27.424499951925526,-18.63302229741817
2002-08-10,-35.8178686329717,-8.845380734928032,-26.407249289124742,-19.496646151230706
2002-08-11,-37.58193191041266,-8.125309916391588,-25.69174910491745,-19.8693738251473
2002-08-12,-37.06676954763669,-6.693074006849045,-25.84485231856686,-19.496638090395134
2002-08-13,-37.406136765752166,-7.027949340755347,-25.101704148363105,-19.89386657974359
2002-08-14,-38.28857967423045,-7.710651326408721,-25.321537556028797,-21.883656056167112
2002-08-15,-37.77010906575595,-8.319427746490005,-24.9951850045347,-23.37358592136783
2002-08-16,-36.476953408265416,-8.898348899874785,-25.234122757653864,-25.047718624582103
2002-08-17,-37.03042745700045,-8.956635632188679,-25.541479158983716,-25.40958100151533
2002-08-18,-36.05102149494062,-8.626667230034498,-23.97834540906493,-26.35326892181416
2002-08-19,-36.43800608629586,-7.851262298120581,-24.432450982983084,-26.802722714378426
2002-08-20,-36.19972391646291,-6.618046895122056,-23.526158703791918,-28.619979770055973
2002-08-21,-36.486165135733806,-4.995126118518,-23.45467474966721,-28.649081599918414
2002-08-22,-37.7797993544905,-4.754478552645272,-23.74354005826144,-28.520361171906586
2002-08-23,-37.600387933417544,-4.239767937295476,-23.6057331005856,-30.254982115280708
2002-08-24,-37.394900982558916,-2.6976101000495243,-22.677082730877174,-28.621520912101012
2002-08-25,-36.80409507354232,-1.8938245075097337,-23.259644612340068,-29.690964838239065
2002-08-26,-36.2789678284586,-2.3715195151478015,-21.968286336317814,-30.491343006853093
2002-08-27,-35.66038764505533,-1.042789790192531,-20.940641489668348,-29.913196208536185
2002-08-28,-33.13004429072162,-0.16725364690755873,-21.89783448083179,-29.606594918108147
2002-08-29,-32.83080127532334,-2.3943030375404817,-22.06312751354298,-32.20865059537744
2002-08-30,-33.144936707491645,-3.376862799732214,-23.644866568698706,-30.78146568909403
2002-08-31,-33.050904798151606,-2.7931629772648363,-22.817537997684866,-32.27351777616758
2002-09-01,-32.67280672566412,-3.1298107038834617,-23.97237222243908,-30.5293092598885
2002-09-02,-33.48563677447408,-1.1243466156317727,-24.53071285999581,-31.639582213704735
2002-09-03,-34.44205523610163,-0.5338493179063998,-23.89929374887319,-33.69794575181297
2002-09-04,-35.6780173116626,-0.7681745961092252,-23.266926945502753,-33.10417882833887
2002-09-05,-35.52551888232918,0.29479768992935074,-24.736971256639396,-32.398344551139644
2002-09-06,-37.15966370957343,0.836435774783196,-24.67893405934648,-32.403184877544874
2002-09-07,-34.77515030854227,0.2160093456084844,-26.036917449622262,-32.77614581683648
2002-09-08,-34.44185882131301,1.9387294523949585,-27.137934479912435,-33.21285755523661
2002-09-09,-34.94685798417726,4.268627362846346,-27.98613598679438,-34.19400737614441
2002-09-10,-35.08243023171185,4.492392017441009,-27.35410365480761,-34.93564610219256
2002-09-11,-35.966082113378235,4.5784314659892615,-27.773799138376507,-35.00042826705249
2002-09-12,-36.5547338126445,2.7421681935989897,-26.28415798285823,-33.385931884588
2002-09-13,-36.367185826559016,1.6667810575365436,-24.28003203458191,-32.63787714595538
2002-09-14,-36.72197623149324,0.7058155523675634,-24.509902833903286,-33.119296330695335
2002-09-15,-34.74626695970873,-0.5698986019036224,-22.272944042815475,-33.12697982904875
2002-09-16,-36.60526487090125,-0.10032211621732662,-21.351887919950688,-32.80679977055147
2002-09-17,-37.01995747908387,-0.5226775686443369,-21.711425130764813,-32.867853019473664
2002-09-18,-37.398398322703244,-0.3747875888593956,-22.82493869998104,-33.667374753869225
2002-09-19,-39.305514771005875,0.18809258158071035,-21.952904749508622,-34.45173790207937
2002-09-20,-40.10349966736611,0.6086347643125867,-22.405457476724035,-34.91132581311772
2002-09-21,-40.305237675207906,0.395396941091246,-21.88145778300921,-34.11169167557365
2002-09-22,-40.28631963302297,-0.14416061631272636,-21.499356826826794,-34.37596273083473
2002-09-23,-40.08493005740375,-2.2009936211409182,-21.734090536288107,-33.80671169414287
2002-09-24,-38.69206150822649,-2.0797658575278843,-21.983223221668435,-33.05544335661392
2002-09-25,-37.72843736874492,-3.220323441419553,-21.58585583230738,-32.55346355949201
2002-09-26,-38.09890786991245,-3.181581223746023,-21.29858838895181,-33.37182780001864
